Workbook

Sheet INTERVENTION ARM
DO8: M
DO9: F
A21: N°Patient | B21: Sex | C21: Age | D21: Height(cm) | E21: Weight (Kg) | F21: PBW(kg) | G21: PAM ini | H21: IMC | I21: VT à 7ml/kg | J21: VT (L) | K21: ETCO2 ini | L21: ΔP ini | M21: RR | N21: RECRUITEMENT PEEP 30 20s | O21: EtCO2 | P21: PAM | Q21: PEEP | R21: ΔP | S21: Ppeak | T21: Pplat | U21: Mechanical Power El Dy (MPdy) [J/min] | V21: Mechanical Power El Stat (MPst) [J/min] | W21: Mechanical Power res (MPres) [J/min] | X21: Temps total protocol (min : s) | Y21: Commentaire | Z21: Ecart-type sur dP(7ml/kg) | AD21: 0.5 | AE21: =AD21 -> 0.5
Q22: 15 | R22: 7 | T22: =R22+Q22 -> 22 | U22: =0.098*J25*M25*0.5*R22 -> 1.5364287 | V22: =0.098*J25*M25*Q22 -> 6.5846945 | W22: ? | AE22: 0
Q23: =Q22-2 -> 13 | R23: X | T23: =R23+Q23 -> #VALUE! | V23: =0.098*J25*M25*Q23 -> 5.7067352 | W23: ? | X23: 0.61111111 | Y23: 0.61111111 | AE23: 0.82
Q24: =Q23-2 -> 11 | R24: 6 | T24: =R24+Q24 -> 17 | U24: =0.098*J25*M25*0.5*R24 -> 1.3169389 | V24: =0.098*J25*M25*Q24 -> 4.828776 | W24: ? | AD24: 0.81649658 | AE24: 0.75
J25: =(7*F28)/1000 -> 0.373282 | K25: 38 | L25: 8 | M25: 12 | Q25: =Q24-2 -> 9 | R25: 6 | T25: =R25+Q25 -> 15 | U25: =0.098*J25*M25*0.5*R25 -> 1.3169389 | V25: =0.098*J25*M25*Q25 -> 3.9508167 | W25: ? | Z25: =_xlfn.STDEV.S(R24:R27) -> 0.5 | AE25: 0.41
Q26: =Q25-2 -> 7 | R26: 6 | T26: =R26+Q26 -> 13 | U26: =0.098*J25*M25*0.5*R26 -> 1.3169389 | V26: =0.098*J25*M25*Q26 -> 3.0728574 | W26: ? | AE26: 0.75
Q27: =Q26-2 -> 5 | R27: 7 | T27: =R27+Q27 -> 12 | U27: =0.098*J25*M25*0.5*R27 -> 1.5364287 | V27: =0.098*J25*M25*Q27 -> 2.1948982 | W27: ? | AA27: Problème (Oui/non) | AD27: 0.75277265 | AE27: 1.33
A28: 1 | B28: F | C28: 61 | D28: 161 | E28: 100 | F28: =IF(B28="M", 50 + 0.91*(D28-152.4), IF(B28="F", 45.5 + 0.91*(D28-152.4), "")) -> 53.326 | G28: 67 | H28: =E28/(D28*10^-2)^2 -> 38.578759 | I28: VT à 9ml/kg | J28: VT | K28: ETCO2 ini | L28: ΔP ini | M28: RR | O28: EtCO2 | P28: PAM | Q28: PEEP | R28: ΔP | S28: Ppeak | T28: Pplat | U28: Mechanical Power El Dy (MPdy)[J/min] | V28: Mechanical Power El Stat (MPst) [J/min] | W28: Mechanical Power res (MPres) [J/min] | Z28: Ecart-type sur dP (9ml/kg) | AA28: OUI | AE28: 0.75
Q29: 15 | R29: X | V29: =0.098*J32*M32*Q29 -> 8.4660358 | W29: ? | AE29: 0.41
Q30: =Q29-2 -> 13 | R30: 7 | U30: =0.098*J32*M32*0.5*R30 -> 1.9754083 | V30: =0.098*J25*M25*Q30 -> 5.7067352 | W30: ? | AD30: 0.40824829 | AE30: 1.47
Q31: =Q30-2 -> 11 | R31: 7 | U31: =0.098*J32*M32*0.5*R31 -> 1.9754083 | V31: =0.098*J25*M25*Q31 -> 4.828776 | W31: ? | AE31: 0.75
J32: =(9*F28)/1000 -> 0.479934 | K32: 38 | L32: 7 | M32: 12 | Q32: =Q31-2 -> 9 | R32: 7 | U32: =0.098*J32*M32*0.5*R32 -> 1.9754083 | V32: =0.098*J25*M25*Q32 -> 3.9508167 | W32: ? | Z32: =_xlfn.STDEV.S(R29:R34) -> 0 | AE32: 1.21
Q33: =Q32-2 -> 7 | R33: 7 | U33: =0.098*J32*M32*0.5*R33 -> 1.9754083 | V33: =0.098*J25*M25*Q33 -> 3.0728574 | W33: ? | AD33: 0.75277265 | AE33: 0.55
Q34: =Q33-2 -> 5 | R34: 7 | U34: =0.098*J32*M32*0.5*R34 -> 1.9754083 | V34: =0.098*J25*M25*Q34 -> 2.1948982 | W34: ? | AE34: 0.41
A35: N°Patient | B35: Sex | C35: Age | D35: Height(cm) | E35: Weight (Kg) | F35: PBW(kg) | G35: PAM ini | H35: IMC | I35: VT à 7ml/kg | J35: VT | K35: ETCO2 ini | L35: ΔP ini | M35: RR | N35: RECRUITEMENT PEEP 30 20s | O35: EtCO2 | P35: PAM | Q35: PEEP | R35: ΔP | S35: Ppeak | T35: Pplat | U35: Mechanical Power El Dy (MPdy) [J/min] | V35: Mechanical Power El Stat (MPst) [J/min] | W35: Mechanical Power res (MPres) [J/min] | X35: Temps total (min : s) | Y35: Commentaire | Z35: Ecart-type sur dP | AE35: 0.52
Q36: 15 | AD36: 1.3291601 | AE36: 0.41
Q37: =Q36-2 -> 13 | X37: 0.5625 | Y37: 0.61111111 | AE37: 1.03
Q38: =Q37-2 -> 11 | R38: =T38-Q38 -> 6 | S38: 19 | T38: 17 | U38: =0.098*J39*M39*0.5*R38 -> 1.4068323 | V38: =0.098*J39*M39*Q38 -> 5.1583852 | W38: =0.098*J39*M39*(S38-T38) -> 0.93788822
J39: =(7*F42)/1000 -> 0.398762 | K39: 30 | L39: 11 | M39: 12 | Q39: =Q38-2 -> 9 | R39: =T39-Q39 -> 6 | S39: 17 | T39: 15 | U39: =0.098*J39*M39*0.5*R39 -> 1.4068323 | V39: =0.098*J39*M39*Q39 -> 4.220497 | W39: =0.098*J39*M39*(S39-T39) -> 0.93788822 | Z39: =_xlfn.STDEV.S(R36:R41) -> 0 | AD39: 0.75277265
Q40: =Q39-2 -> 7 | R40: =T40-Q40 -> 6 | S40: 15 | T40: 13 | U40: =0.098*J39*M39*0.5*R40 -> 1.4068323 | V40: =0.098*J39*M39*Q40 -> 3.2826088 | W40: =0.098*J39*M39*(S40-T40) -> 0.93788822
Q41: =Q40-2 -> 5 | R41: =T41-Q41 -> 6 | S41: 13 | T41: 11 | U41: =0.098*J39*M39*0.5*R41 -> 1.4068323 | V41: =0.098*J39*M39*Q41 -> 2.3447206 | W41: =0.098*J39*M39*(S41-T41) -> 0.93788822 | AA41: Problème (Oui/non)
A42: =A28+1 -> 2 | B42: F | C42: 56 | D42: 165 | E42: 94 | F42: =IF(B42="M", 50 + 0.91*(D42-152.4), IF(B42="F", 45.5 + 0.91*(D42-152.4), "")) -> 56.966 | G42: 72 | H42: =E42/(D42*10^-2)^2 -> 34.527089 | I42: VT à 9ml/kg | J42: VT | K42: ETCO2 ini | L42: ΔP ini | M42: RR | O42: EtCO2 | P42: PAM | Q42: PEEP | R42: ΔP | S42: Ppeak | T42: Pplat | U42: Mechanical Power El Dy (MPdy)[J/min] | V42: Mechanical Power El Stat (MPst) [J/min] | W42: Mechanical Power res (MPres) [J/min] | Z42: Ecart-type sur dP | AA42: OUI | AD42: 0.40824829
Q43: 15 | R43: =T43-Q43 -> 7 | S43: 25 | T43: 22 | U43: =0.098*J46*M46*0.5*R43 -> 1.9343945 | V43: =0.098*J46*M46*Q43 -> 8.290262 | W43: =0.098*J46*M46*(S43-T43) -> 1.6580524
Q44: =Q43-2 -> 13 | R44: =T44-Q44 -> 7 | S44: 22 | T44: 20 | U44: =0.098*J46*M46*0.5*R44 -> 1.9343945 | V44: =0.098*J46*M46*Q44 -> 7.1848937 | W44: =0.098*J46*M46*(S44-T44) -> 1.1053683
Q45: =Q44-2 -> 11 | R45: =T45-Q45 -> 6 | S45: 20 | T45: 17 | U45: =0.098*J46*M46*0.5*R45 -> 1.6580524 | V45: =0.098*J46*M46*Q45 -> 6.0795255 | W45: =0.098*J46*M46*(S45-T45) -> 1.6580524 | AD45: 1.4719601
J46: =(9*F42)/1000 -> 0.512694 | K46: 34 | L46: 3 | M46: 11 | Q46: =Q45-2 -> 9 | R46: =T46-Q46 -> 6 | S46: 18 | T46: 15 | U46: =0.098*J46*M46*0.5*R46 -> 1.6580524 | V46: =0.098*J46*M46*Q46 -> 4.9741572 | W46: =0.098*J46*M46*(S46-T46) -> 1.6580524 | Z46: =_xlfn.STDEV.S(R43:R48) -> 0.51639778
Q47: =Q46-2 -> 7 | R47: =T47-Q47 -> 7 | S47: 16 | T47: 14 | U47: =0.098*J46*M46*0.5*R46 -> 1.6580524 | V47: =0.098*J46*M46*Q47 -> 3.8687889 | W47: =0.098*J46*M46*(S47-T47) -> 1.1053683
Q48: =Q47-2 -> 5 | R48: =T48-Q48 -> 7 | S48: 15 | T48: 12 | U48: =0.098*J46*M46*0.5*R48 -> 1.9343945 | V48: =0.098*J46*M46*Q48 -> 2.7634207 | W48: =0.098*J46*M46*(S48-T48) -> 1.6580524 | AD48: 0.75277265
A49: N°Patient | B49: Sex | C49: Age | D49: Height(cm) | E49: Weight (Kg) | F49: PBW(kg) | G49: PAM ini | H49: IMC | I49: VT à 7ml/kg | J49: VT | K49: ETCO2 ini | L49: ΔP ini | M49: RR | N49: RECRUITEMENT PEEP 30 20s | O49: EtCO2 | P49: PAM | Q49: PEEP | R49: ΔP | S49: Ppeak | T49: Pplat | U49: Mechanical Power El Dy (MPdy) [J/min] | V49: Mechanical Power El Stat (MPst) [J/min] | W49: Mechanical Power res (MPres) [J/min] | X49: Temps total (min : s) | Y49: Commentaire | Z49: Ecart-type sur dP
Q50: 15 | R50: =T50-Q50 -> 8 | S50: 26 | T50: 23 | U50: =0.098*J53*M53*0.5*R50 -> 2.1438104 | V50: =0.098*J53*M53*Q50 -> 8.0392889 | W50: =0.098*J53*M53*(S50-T50) -> 1.6078578
Q51: =Q50-2 -> 13 | R51: =T51-Q51 -> 7 | S51: 22 | T51: 20 | U51: =0.098*J53*M53*0.5*R51 -> 1.8758341 | V51: =0.098*J53*M53*Q51 -> 6.9673837 | W51: =0.098*J53*M53*(S51-T51) -> 1.0719052 | X51: 0.56527778 | Y51: 0.65277778 | AD51: 1.2110601
Q52: =Q51-2 -> 11 | R52: =T52-Q52 -> 7 | S52: 20 | T52: 18 | U52: =0.098*J53*M53*0.5*R52 -> 1.8758341 | V52: =0.098*J53*M53*Q52 -> 5.8954785 | W52: =0.098*J53*M53*(S52-T52) -> 1.0719052
J53: =(7*F56)/1000 -> 0.455742 | K53: 34 | L53: 8 | M53: 12 | Q53: =Q52-2 -> 9 | R53: =T53-Q53 -> 6 | S53: 17 | T53: 15 | U53: =0.098*J53*M53*0.5*R53 -> 1.6078578 | V53: =0.098*J53*M53*Q53 -> 4.8235733 | W53: =0.098*J53*M53*(S53-T53) -> 1.0719052 | Z53: =_xlfn.STDEV.S(R50:R55) -> 0.81649658
Q54: =Q53-2 -> 7 | R54: =T54-Q54 -> 6 | S54: 15 | T54: 13 | U54: =0.098*J53*M53*0.5*R54 -> 1.6078578 | V54: =0.098*J53*M53*Q54 -> 3.7516681 | W54: =0.098*J53*M53*(S54-T54) -> 1.0719052 | AD54: 0.54772256
Q55: =Q54-2 -> 5 | R55: =T55-Q55 -> 6 | S55: 14 | T55: 11 | U55: =0.098*J53*M53*0.5*R55 -> 1.6078578 | V55: =0.098*J53*M53*Q55 -> 2.679763 | W55: =0.098*J53*M53*(S55-T55) -> 1.6078578 | AA55: Problème (Oui/non)
A56: =A42+1 -> 3 | B56: M | C56: 52 | D56: 169 | E56: 59 | F56: =IF(B56="M", 50 + 0.91*(D56-152.4), IF(B56="F", 45.5 + 0.91*(D56-152.4), "")) -> 65.106 | G56: 101 | H56: =E56/(D56*10^-2)^2 -> 20.65754 | I56: VT à 9ml/kg | J56: VT | K56: ETCO2 ini | L56: ΔP ini | M56: RR | O56: EtCO2 | P56: PAM | Q56: PEEP | R56: ΔP | S56: Ppeak | T56: Pplat | U56: Mechanical Power El Dy (MPdy)[J/min] | V56: Mechanical Power El Stat (MPst) [J/min] | W56: Mechanical Power res (MPres) [J/min] | Z56: Ecart-type sur dP | AA56: NON
Q57: 15 | R57: =T57-Q57 -> 10 | S57: 28 | T57: 25 | U57: =0.098*J60*M60*0.5*R57 -> 3.4454095 | V57: =0.098*J60*M60*Q57 -> 10.336229 | W57: =0.098*J60*M60*(S57-T57) -> 2.0672457 | AD57: 0.40824829
Q58: =Q57-2 -> 13 | R58: =T58-Q58 -> 9 | S58: 25 | T58: 22 | U58: =0.098*J60*M60*0.5*R58 -> 3.1008686 | V58: =0.098*J60*M60*Q58 -> 8.9580648 | W58: =0.098*J60*M60*(S58-T58) -> 2.0672457
Q59: =Q58-2 -> 11 | R59: =T59-Q59 -> 9 | S59: 23 | T59: 20 | U59: =0.098*J60*M60*0.5*R59 -> 3.1008686 | V59: =0.098*J60*M60*Q59 -> 7.5799009 | W59: =0.098*J60*M60*(S59-T59) -> 2.0672457
J60: =(9*F56)/1000 -> 0.585954 | K60: 28 | L60: =29-16 -> 13 | M60: 12 | Q60: =Q59-2 -> 9 | R60: =T60-Q60 -> 8 | S60: 20 | T60: 17 | U60: =0.098*J60*M60*0.5*R60 -> 2.7563276 | V60: =0.098*J60*M60*Q60 -> 6.2017371 | W60: =0.098*J60*M60*(S60-T60) -> 2.0672457 | Z60: =_xlfn.STDEV.S(R57:R62) -> 0.81649658 | AD60: 0.51639778
Q61: =Q60-2 -> 7 | R61: =T61-Q61 -> 8 | S61: 18 | T61: 15 | U61: =0.098*J60*M60*0.5*R61 -> 2.7563276 | V61: =0.098*J60*M60*Q61 -> 4.8235733 | W61: =0.098*J60*M60*(S61-T61) -> 2.0672457
Q62: =Q61-2 -> 5 | R62: =T62-Q62 -> 8 | S62: 16 | T62: 13 | U62: =0.098*J60*M60*0.5*R62 -> 2.7563276 | V62: =0.098*J60*M60*Q62 -> 3.4454095 | W62: =0.098*J60*M60*(S62-T62) -> 2.0672457
A63: N°Patient | B63: Sex | C63: Age | D63: Height(cm) | E63: Weight (Kg) | F63: PBW(kg) | G63: PAM ini | H63: IMC | I63: VT à 7ml/kg | J63: VT (L) | K63: ETCO2 ini | L63: ΔP ini | M63: RR | N63: RECRUITEMENT PEEP 30 20s | O63: EtCO2 | P63: PAM | Q63: PEEP | R63: ΔP | S63: Ppeak | T63: Pplat | U63: Mechanical Power El Dy (MPdy) [J/min] | V63: Mechanical Power El Stat (MPst) [J/min] | W63: Mechanical Power res (MPres) [J/min] | X63: Temps total (min : s) | Y63: Commentaire | Z63: Ecart-type sur dP | AD63: 0.40824829
O64: 33 | P64: 74 | Q64: 15 | R64: =T64-Q64 -> 5 | S64: 21 | T64: 20 | U64: =0.098*J67*M67*0.5*R64 -> 0.98508228 | V64: =0.098*J67*M67*Q64 -> 5.9104937 | W64: =0.098*J67*M67*(S64-T64) -> 0.39403291
O65: 30 | P65: 74 | Q65: =Q64-2 -> 13 | R65: =T65-Q65 -> 4 | S65: 19 | T65: 17 | U65: =0.098*J67*M67*0.5*R65 -> 0.78806582 | V65: =0.098*J67*M67*Q65 -> 5.1224279 | W65: =0.098*J67*M67*(S65-T65) -> 0.78806582 | X65: 0.64583333 | Y65: 0.65277778
O66: 37 | P66: 70 | Q66: =Q65-2 -> 11 | R66: =T66-Q66 -> 3 | S66: 16 | T66: 14 | U66: =0.098*J67*M67*0.5*R66 -> 0.59104937 | V66: =0.098*J67*M67*Q66 -> 4.334362 | W66: =0.098*J67*M67*(S66-T66) -> 0.78806582 | AD66: 1.0327956
J67: =(7*F70)/1000 -> 0.335062 | K67: 33 | L67: 5 | M67: 12 | O67: 35 | P67: 76 | Q67: =Q66-2 -> 9 | R67: =T67-Q67 -> 4 | S67: 16 | T67: 13 | U67: =0.098*J67*M67*0.5*R67 -> 0.78806582 | V67: =0.098*J67*M67*Q67 -> 3.5462962 | W67: =0.098*J67*M67*(S67-T67) -> 1.1820987 | Z67: =_xlfn.STDEV.S(R64:R69) -> 0.75277265
O68: 32 | P68: 73 | Q68: =Q67-2 -> 7 | R68: =T68-Q68 -> 3 | S68: 13 | T68: 10 | U68: =0.098*J67*M67*0.5*R68 -> 0.59104937 | V68: =0.098*J67*M67*Q68 -> 2.7582304 | W68: =0.098*J67*M67*(S68-T68) -> 1.1820987
O69: 35 | P69: 72 | Q69: =Q68-2 -> 5 | R69: =T69-Q69 -> 4 | S69: 13 | T69: 9 | U69: =0.098*J67*M67*0.5*R69 -> 0.78806582 | V69: =0.098*J67*M67*Q69 -> 1.9701646 | W69: =0.098*J67*M67*(S69-T69) -> 1.5761316 | AA69: Problème (Oui/non)
A70: =A56+1 -> 4 | B70: F | C70: 63 | D70: 155 | E70: 52 | F70: =IF(B70="M", 50 + 0.91*(D70-152.4), IF(B70="F", 45.5 + 0.91*(D70-152.4), "")) -> 47.866 | G70: 95 | H70: =E70/(D70*10^-2)^2 -> 21.644121 | I70: VT à 9ml/kg | J70: VT (L) | K70: ETCO2 ini | L70: ΔP ini | M70: RR | O70: EtCO2 | P70: PAM | Q70: PEEP | R70: ΔP | S70: Ppeak | T70: Pplat | U70: Mechanical Power El Dy (MPdy)[J/min] | V70: Mechanical Power El Stat (MPst) [J/min] | W70: Mechanical Power res (MPres) [J/min] | Z70: Ecart-type sur dP | AA70: NON
O71: 31 | P71: 72 | Q71: 15 | R71: =T71-Q71 -> 5 | S71: 24 | T71: 20 | U71: =0.098*J74*M74*0.5*R71 -> 1.1609898 | V71: =0.098*J74*M74*Q71 -> 6.965939 | W71: =0.098*J74*M74*(S71-T71) -> 1.8575837
O72: 28 | P72: 54 | Q72: =Q71-2 -> 13 | R72: =T72-Q72 -> 5 | S72: 21 | T72: 18 | U72: =0.098*J74*M74*0.5*R72 -> 1.1609898 | V72: =0.098*J74*M74*Q72 -> 6.0371471 | W72: =0.098*J74*M74*(S72-T72) -> 1.3931878
O73: 31 | P73: 54 | Q73: =Q72-2 -> 11 | R73: =T73-Q73 -> 4 | S73: 18 | T73: 15 | U73: =0.098*J74*M74*0.5*R73 -> 0.92879186 | V73: =0.098*J74*M74*Q73 -> 5.1083553 | W73: =0.098*J74*M74*(S73-T73) -> 1.3931878
J74: =(9*F70)/1000 -> 0.430794 | K74: 33 | L74: 7 | M74: 11 | O74: 32 | P74: 53 | Q74: =Q73-2 -> 9 | R74: =T74-Q74 -> 4 | S74: 16 | T74: 13 | U74: =0.098*J74*M74*0.5*R74 -> 0.92879186 | V74: =0.098*J74*M74*Q74 -> 4.1795634 | W74: =0.098*J74*M74*(S74-T74) -> 1.3931878 | Z74: =_xlfn.STDEV.S(R71:R76) -> 0.54772256
O75: 33 | P75: 53 | Q75: =Q74-2 -> 7 | R75: =T75-Q75 -> 4 | S75: 15 | T75: 11 | U75: =0.098*J74*M74*0.5*R75 -> 0.92879186 | V75: =0.098*J74*M74*Q75 -> 3.2507715 | W75: =0.098*J74*M74*(S75-T75) -> 1.8575837
O76: 32 | P76: 53 | Q76: =Q75-2 -> 5 | R76: =T76-Q76 -> 5 | S76: 14 | T76: 10 | U76: =0.098*J74*M74*0.5*R76 -> 1.1609898 | V76: =0.098*J74*M74*Q76 -> 2.3219797 | W76: =0.098*J74*M74*(S76-T76) -> 1.8575837
A77: N°Patient | B77: Sex | C77: Age | D77: Height(cm) | E77: Weight (Kg) | F77: PBW(kg) | G77: PAM ini | H77: IMC | I77: VT à 7ml/kg | J77: VT (L) | K77: ETCO2 ini | L77: ΔP ini | M77: RR | N77: RECRUITEMENT PEEP 30 20s | O77: EtCO2 | P77: PAM | Q77: PEEP | R77: ΔP | S77: Ppeak | T77: Pplat | U77: Mechanical Power El Dy (MPdy) [J/min] | V77: Mechanical Power El Stat (MPst) [J/min] | W77: Mechanical Power res (MPres) [J/min] | X77: Temps total (min : s) | Y77: Commentaire | Z77: Ecart-type sur dP
O78: 38 | P78: 89 | Q78: 15 | R78: =T78-Q78 -> 6 | S78: 24 | T78: 21 | U78: =0.098*J81*M81*0.5*R78 -> 1.9449582 | V78: =0.098*J81*M81*Q78 -> 9.7247909 | W78: =0.098*J81*M81*(S78-T78) -> 1.9449582
O79: 38 | P79: 79 | Q79: =Q78-2 -> 13 | R79: =T79-Q79 -> 6 | S79: 21 | T79: 19 | U79: =0.098*J81*M81*0.5*R79 -> 1.9449582 | V79: =0.098*J81*M81*Q79 -> 8.4281521 | W79: =0.098*J81*M81*(#REF!-T79) -> #REF! | X79: 0.625 | Y79: 0.65277778
O80: 38 | P80: 79 | Q80: =Q79-2 -> 11 | R80: =T80-Q80 -> 6 | S80: 19 | T80: 17 | U80: =0.098*J81*M81*0.5*R80 -> 1.9449582 | V80: =0.098*J81*M81*Q80 -> 7.1315133 | W80: =0.098*J81*M81*(S79-T80) -> 2.5932776
J81: =(7*F84)/1000 -> 0.551292 | K81: 36 | L81: 7 | M81: 12 | O81: 39 | P81: 79 | Q81: =Q80-2 -> 9 | R81: =T81-Q81 -> 5 | S81: 17 | T81: 14 | U81: =0.098*J81*M81*0.5*R81 -> 1.6207985 | V81: =0.098*J81*M81*Q81 -> 5.8348745 | W81: =0.098*J81*M81*(S81-T81) -> 1.9449582 | Z81: =_xlfn.STDEV.S(R78:R83) -> 0.40824829
O82: 38 | P82: 79 | Q82: =Q81-2 -> 7 | R82: =T82-Q82 -> 6 | S82: 16 | T82: 13 | U82: =0.098*J81*M81*0.5*R82 -> 1.9449582 | V82: =0.098*J81*M81*Q82 -> 4.5382357 | W82: =0.098*J81*M81*(S82-T82) -> 1.9449582
O83: 38 | P83: 69 | Q83: =Q82-2 -> 5 | R83: =T83-Q83 -> 6 | S83: 14 | T83: 11 | U83: =0.098*J81*M81*0.5*R83 -> 1.9449582 | V83: =0.098*J81*M81*Q83 -> 3.241597 | W83: =0.098*J81*M81*(S83-T83) -> 1.9449582 | AA83: Problème (Oui/non)
A84: =A70+1 -> 5 | B84: M | C84: 34 | D84: 184 | E84: 96 | F84: =IF(B84="M", 50 + 0.91*(D84-152.4), IF(B84="F", 45.5 + 0.91*(D84-152.4), "")) -> 78.756 | G84: 89 | H84: =E84/(D84*10^-2)^2 -> 28.355388 | I84: VT à 9ml/kg | J84: VT (L) | K84: ETCO2 ini | L84: ΔP ini | M84: RR | O84: EtCO2 | P84: PAM | Q84: PEEP | R84: ΔP | S84: Ppeak | T84: Pplat | U84: Mechanical Power El Dy (MPdy)[J/min] | V84: Mechanical Power El Stat (MPst) [J/min] | W84: Mechanical Power res (MPres) [J/min] | Z84: Ecart-type sur dP | AA84: OUI
O85: 33 | P85: 69 | Q85: 15 | R85: =T85-Q85 -> 7 | S85: 27 | T85: 22 | U85: =0.098*J88*M88*0.5*R85 -> 2.9174373 | V85: =0.098*J88*M88*Q85 -> 12.503303 | W85: =0.098*J88*M88*(S85-T85) -> 4.1677675
O86: 33 | P86: 69 | Q86: =Q85-2 -> 13 | R86: =T86-Q86 -> 7 | S86: 24 | T86: 20 | U86: =0.098*J88*M88*0.5*R86 -> 2.9174373 | V86: =0.098*J88*M88*Q86 -> 10.836196 | W86: =0.098*J88*M88*(S86-T86) -> 3.334214
O87: 34 | P87: 69 | Q87: =Q86-2 -> 11 | R87: =T87-Q87 -> 7 | S87: 22 | T87: 18 | U87: =0.098*J88*M88*0.5*R87 -> 2.9174373 | V87: =0.098*J88*M88*Q87 -> 9.1690885 | W87: =0.098*J88*M88*(S87-T87) -> 3.334214
J88: =(9*F84)/1000 -> 0.708804 | K88: 32 | L88: 9 | M88: 12 | O88: 33 | P88: 62 | Q88: =Q87-2 -> 9 | R88: =T88-Q88 -> 7 | S88: 20 | T88: 16 | U88: =0.098*J88*M88*0.5*R88 -> 2.9174373 | V88: =0.098*J88*M88*Q88 -> 7.5019815 | W88: =0.098*J88*M88*(S88-T88) -> 3.334214 | Z88: =_xlfn.STDEV.S(R85:R90) -> 0
O89: 33 | P89: 62 | Q89: =Q88-2 -> 7 | R89: =T89-Q89 -> 7 | S89: 18 | T89: 14 | U89: =0.098*J88*M88*0.5*R89 -> 2.9174373 | V89: =0.098*J88*M88*Q89 -> 5.8348745 | W89: =0.098*J88*M88*(S89-T89) -> 3.334214
O90: 33 | P90: 62 | Q90: =Q89-2 -> 5 | R90: =T90-Q90 -> 7 | S90: 16 | T90: 12 | U90: =0.098*J88*M88*0.5*R90 -> 2.9174373 | V90: =0.098*J88*M88*Q90 -> 4.1677675 | W90: =0.098*J88*M88*(S90-T90) -> 3.334214
A91: N°Patient | B91: Sex | C91: Age | D91: Height(cm) | E91: Weight (Kg) | F91: PBW(kg) | G91: PAM ini | H91: IMC | I91: VT à 7ml/kg | J91: VT (L) | K91: ETCO2 ini | L91: ΔP ini | M91: RR | N91: RECRUITEMENT PEEP 30 20s | O91: EtCO2 | P91: PAM | Q91: PEEP | R91: ΔP | S91: Ppeak | T91: Pplat | U91: Mechanical Power El Dy (MPdy) [J/min] | V91: Mechanical Power El Stat (MPst) [J/min] | W91: Mechanical Power res (MPres) [J/min] | X91: Temps total (min : s) | Y91: Commentaire | Z91: Ecart-type sur dP
O92: 49 | P92: 88 | Q92: 15 | R92: =T92-Q92 -> 9 | S92: 27 | T92: 24 | U92: =0.098*J95*M95*0.5*R92 -> 2.5384524 | V92: =0.098*J95*M95*Q92 -> 8.4615082 | W92: =0.098*J95*M95*(S92-T92) -> 1.6923016
O93: 48 | P93: 96 | Q93: =Q92-2 -> 13 | R93: =T93-Q93 -> 10 | S93: 27 | T93: 23 | U93: =0.098*J95*M95*0.5*R93 -> 2.8205027 | V93: =0.098*J95*M95*Q93 -> 7.3333071 | W93: =0.098*J95*M95*(S93-T93) -> 2.2564022 | X93: 0.66666667 | Y93: Pas de recrutement trop faible
O94: 49 | P94: 96 | Q94: =Q93-2 -> 11 | R94: =T94-Q94 -> 10 | S94: 24 | T94: 21 | U94: =0.098*J95*M95*0.5*R94 -> 2.8205027 | V94: =0.098*J95*M95*Q94 -> 6.205106 | W94: =0.098*J95*M95*(S94-T94) -> 1.6923016
J95: =(7*F98)/1000 -> 0.411152 | K95: 50 | L95: 10 | M95: 14 | O95: 49 | P95: 96 | Q95: =Q94-2 -> 9 | R95: =T95-Q95 -> 11 | S95: 23 | T95: 20 | U95: =0.098*J95*M95*0.5*R95 -> 3.102553 | V95: =0.098*J95*M95*Q95 -> 5.0769049 | W95: =0.098*J95*M95*(S95-T95) -> 1.6923016 | Z95: =_xlfn.STDEV.S(R92:R97) -> 0.75277265
O96: 49 | P96: 93 | Q96: =Q95-2 -> 7 | R96: =T96-Q96 -> 11 | S96: 22 | T96: 18 | U96: =0.098*J95*M95*0.5*R96 -> 3.102553 | V96: =0.098*J95*M95*Q96 -> 3.9487038 | W96: =0.098*J95*M95*(S96-T96) -> 2.2564022
O97: 48 | P97: 93 | Q97: =Q96-2 -> 5 | R97: =T97-Q97 -> 10 | S97: 18 | T97: 15 | U97: =0.098*J95*M95*0.5*R97 -> 2.8205027 | V97: =0.098*J95*M95*Q97 -> 2.8205027 | W97: =0.098*J95*M95*(S97-T97) -> 1.6923016 | AA97: Problème (Oui/non)
A98: =A84+1 -> 6 | B98: M | C98: 51 | D98: 162 | E98: 117 | F98: =IF(B98="M", 50 + 0.91*(D98-152.4), IF(B98="F", 45.5 + 0.91*(D98-152.4), "")) -> 58.736 | G98: 70 | H98: =E98/(D98*10^-2)^2 -> 44.581619 | I98: VT à 9ml/kg | J98: VT (L) | K98: ETCO2 ini | L98: ΔP ini | M98: RR | O98: EtCO2 | P98: PAM | Q98: PEEP | R98: ΔP | S98: Ppeak | T98: Pplat | U98: Mechanical Power El Dy (MPdy)[J/min] | V98: Mechanical Power El Stat (MPst) [J/min] | W98: Mechanical Power res (MPres) [J/min] | Z98: Ecart-type sur dP | AA98: Oui
O99: 48 | P99: 80 | Q99: 15 | R99: =T99-Q99 -> 14 | S99: 31 | T99: 29 | U99: =0.098*J102*M102*0.5*R99 -> 5.0769049 | V99: =0.098*J102*M102*Q99 -> 10.879082 | W99: =0.098*J102*M102*(S99-T99) -> 1.4505443
O100: 45 | P100: 75 | Q100: =Q99-2 -> 13 | R100: =T100-Q100 -> 9 | S100: 27 | T100: 22 | U100: =0.098*J102*M102*0.5*R100 -> 3.2637246 | V100: =0.098*J102*M102*Q100 -> 9.4285377 | W100: =0.098*J102*M102*(S100-T100) -> 3.6263606
O101: 44 | P101: 70 | Q101: =Q100-2 -> 11 | R101: =T101-Q101 -> 11 | S101: 27 | T101: 22 | U101: =0.098*J102*M102*0.5*R101 -> 3.9889967 | V101: =0.098*J102*M102*Q101 -> 7.9779934 | W101: =0.098*J102*M102*(S101-T101) -> 3.6263606
J102: =(9*F98)/1000 -> 0.528624 | K102: 45 | L102: 12 | M102: 14 | O102: 43 | P102: 70 | Q102: =Q101-2 -> 9 | R102: =T102-Q102 -> 15 | S102: 26 | T102: 24 | U102: =0.098*J102*M102*0.5*R102 -> 5.439541 | V102: =0.098*J102*M102*Q102 -> 6.5274492 | W102: =0.098*J102*M102*(S102-T102) -> 1.4505443 | Z102: =_xlfn.STDEV.S(R99:R104) -> 2.607681
O103: 41 | P103: 70 | Q103: =Q102-2 -> 7 | R103: =T103-Q103 -> 13 | S103: 26 | T103: 20 | U103: =0.098*J102*M102*0.5*R103 -> 4.7142688 | V103: =0.098*J102*M102*Q103 -> 5.0769049 | W103: =0.098*J102*M102*(S103-T103) -> 4.3516328
O104: 67 | P104: 74 | Q104: =Q103-2 -> 5 | R104: =T104-Q104 -> 16 | S104: 26 | T104: 21 | U104: =0.098*J102*M102*0.5*R104 -> 5.802177 | V104: =0.098*J102*M102*Q104 -> 3.6263606 | W104: =0.098*J102*M102*(S104-T104) -> 3.6263606
A105: N°Patient | B105: Sex | C105: Age | D105: Height(cm) | E105: Weight (Kg) | F105: PBW(kg) | G105: PAM ini | H105: IMC | I105: VT à 7ml/kg | J105: VT (L) | K105: ETCO2 ini | L105: ΔP ini | M105: RR | N105: RECRUITEMENT PEEP 30 20s | O105: EtCO2 | P105: PAM | Q105: PEEP | R105: ΔP | S105: Ppeak | T105: Pplat | U105: Mechanical Power El Dy (MPdy) [J/min] | V105: Mechanical Power El Stat (MPst) [J/min] | W105: Mechanical Power res (MPres) [J/min] | X105: Temps total (min : s) | Y105: Commentaire | Z105: Ecart-type sur dP
O106: 30 | P106: 99 | Q106: 15 | R106: =T106-Q106 -> 6 | S106: 24 | T106: 21 | U106: =0.098*J109*M109*0.5*R106 -> 2.1247451 | V106: =0.098*J109*M109*Q106 -> 10.623725 | W106: =0.098*J109*M109*(S106-T106) -> 2.1247451
O107: 33 | P107: 76 | Q107: =Q106-2 -> 13 | R107: =T107-Q107 -> 6 | S107: 23 | T107: 19 | U107: =0.098*J109*M109*0.5*R107 -> 2.1247451 | V107: =0.098*J109*M109*Q107 -> 9.2072286 | W107: =0.098*J109*M109*(S107-T107) -> 2.8329934 | X107: 0.66666667 | Y107: Pas de recrutement trop faible
O108: 33 | P108: 87 | Q108: =Q107-2 -> 11 | R108: =T108-Q108 -> 6 | S108: 21 | T108: 17 | U108: =0.098*J109*M109*0.5*R108 -> 2.1247451 | V108: =0.098*J109*M109*Q108 -> 7.7907319 | W108: =0.098*J109*M109*(S108-T108) -> 2.8329934
J109: =(7*F112)/1000 -> 0.602252 | K109: 29 | L109: 7 | M109: 12 | O109: 34 | P109: 117 | Q109: =Q108-2 -> 9 | R109: =T109-Q109 -> 8 | S109: 22 | T109: 17 | U109: =0.098*J109*M109*0.5*R109 -> 2.8329934 | V109: =0.098*J109*M109*Q109 -> 6.3742352 | W109: =0.098*J109*M109*(S109-T109) -> 3.5412418 | Z109: =_xlfn.STDEV.S(R106:R111) -> 1.3291601
O110: 35 | P110: 117 | Q110: =Q109-2 -> 7 | R110: =T110-Q110 -> 8 | S110: 18 | T110: 15 | U110: =0.098*J109*M109*0.5*R110 -> 2.8329934 | V110: =0.098*J109*M109*Q110 -> 4.9577385 | W110: =0.098*J109*M109*(S110-T110) -> 2.1247451
O111: 36 | P111: 117 | Q111: =Q110-2 -> 5 | R111: =T111-Q111 -> 9 | S111: 19 | T111: 14 | U111: =0.098*J109*M109*0.5*R111 -> 3.1871176 | V111: =0.098*J109*M109*Q111 -> 3.5412418 | W111: =0.098*J109*M109*(S111-T111) -> 3.5412418 | AA111: Problème (Oui/non)
A112: =A98+1 -> 7 | B112: M | C112: 67 | D112: 192 | E112: 138 | F112: =IF(B112="M", 50 + 0.91*(D112-152.4), IF(B112="F", 45.5 + 0.91*(D112-152.4), "")) -> 86.036 | G112: 99 | H112: =E112/(D112*10^-2)^2 -> 37.434896 | I112: VT à 9ml/kg | J112: VT (L) | K112: ETCO2 ini | L112: ΔP ini | M112: RR | O112: EtCO2 | P112: PAM | Q112: PEEP | R112: ΔP | S112: Ppeak | T112: Pplat | U112: Mechanical Power El Dy (MPdy)[J/min] | V112: Mechanical Power El Stat (MPst) [J/min] | W112: Mechanical Power res (MPres) [J/min] | Z112: Ecart-type sur dP | AA112: Oui
O113: 32 | P113: 104 | Q113: 15 | R113: =T113-Q113 -> 9 | S113: 29 | T113: 24 | U113: =0.098*J116*M116*0.5*R113 -> 4.0977226 | V113: =0.098*J116*M116*Q113 -> 13.659075 | W113: =0.098*J116*M116*(S113-T113) -> 4.5530251
O114: 31 | P114: 91 | Q114: =Q113-2 -> 13 | R114: =T114-Q114 -> 8 | S114: 26 | T114: 21 | U114: =0.098*J116*M116*0.5*R114 -> 3.6424201 | V114: =0.098*J116*M116*Q114 -> 11.837865 | W114: =0.098*J116*M116*(S114-T114) -> 4.5530251
O115: 32 | P115: 91 | Q115: =Q114-2 -> 11 | R115: =T115-Q115 -> 8 | S115: 24 | T115: 19 | U115: =0.098*J116*M116*0.5*R115 -> 3.6424201 | V115: =0.098*J116*M116*Q115 -> 10.016655 | W115: =0.098*J116*M116*(S115-T115) -> 4.5530251
J116: =(9*F112)/1000 -> 0.774324 | K116: 34 | L116: 9 | M116: 12 | O116: 32 | P116: 70 | Q116: =Q115-2 -> 9 | R116: =T116-Q116 -> 8 | S116: 22 | T116: 17 | U116: =0.098*J116*M116*0.5*R116 -> 3.6424201 | V116: =0.098*J116*M116*Q116 -> 8.1954452 | W116: =0.098*J116*M116*(S116-T116) -> 4.5530251 | Z116: =_xlfn.STDEV.S(R113:R118) -> 0.51639778
O117: 32 | P117: 78 | Q117: =Q116-2 -> 7 | R117: =T117-Q117 -> 8 | S117: 21 | T117: 15 | U117: =0.098*J116*M116*0.5*R117 -> 3.6424201 | V117: =0.098*J116*M116*Q117 -> 6.3742352 | W117: =0.098*J116*M116*(S117-T117) -> 5.4636301
O118: 31 | P118: 78 | Q118: =Q117-2 -> 5 | R118: =T118-Q118 -> 9 | S118: 20 | T118: 14 | U118: =0.098*J116*M116*0.5*R118 -> 4.0977226 | V118: =0.098*J116*M116*Q118 -> 4.5530251 | W118: =0.098*J116*M116*(S118-T118) -> 5.4636301
...

Sheet Results
A1: N°Patient | B1: Sex | C1: Age | D1: Height(cm) | E1: Weight (Kg) | F1: PBW(kg) | G1: IMC | H1: PEEP adaptée (cmH2O) | I1: Pplat (cmH2O) | J1: dp associée (cmH2O) | K1: u(dP) (cmH2O) | L1: Vt adapté(L) | M1: u(Vt) (L) | N1: RR adapté (Cycles/min) | O1: u(RR) (Cycles/min) | P1: Mechanical Pow dyna mini (Vt= 7ml/kg) en J/min | Q1: Mechanical Pow dyna mini (Vt= 9ml/kg) en J/min | R1: Ecart-type de dP (Vt= 7ml/kg) | S1: u(ecart-type) | T1: Écart-type de dP (Vt= 9ml/kg) | U1: Etat décompensé (OUI/NON) | V1: u(Mp dy (7ml/kg)) en J/min | W1: Temps tot protocol (min : s) | X1: Colonne1 | Y1: Colonne2
A2: 1 | B2: =IFERROR(_xlfn.XLOOKUP($A2, 'INTERVENTION ARM'!$A:$A, 'INTERVENTION ARM'!B:B), "") -> F | C2: =IFERROR(_xlfn.XLOOKUP($A2, 'INTERVENTION ARM'!$A:$A, 'INTERVENTION ARM'!C:C), "") -> 61 | D2: =IFERROR(_xlfn.XLOOKUP($A2, 'INTERVENTION ARM'!$A:$A, 'INTERVENTION ARM'!D:D), "") -> 161 | E2: =IFERROR(_xlfn.XLOOKUP($A2, 'INTERVENTION ARM'!$A:$A, 'INTERVENTION ARM'!E:E), "") -> 100 | F2: =IFERROR(_xlfn.XLOOKUP($A2, 'INTERVENTION ARM'!$A:$A, 'INTERVENTION ARM'!F:F), "") -> 53.326 | G2: =IFERROR(_xlfn.XLOOKUP($A2, 'INTERVENTION ARM'!$A:$A, 'INTERVENTION ARM'!H:H), "") -> 38.578759 | H2: {=_xlfn.XLOOKUP(P2, OFFSET('INTERVENTION ARM'!$U$1, MATCH($A2, 'INTERVENTION ARM'!$A:$A, 0) - 7, 0, 6), OFFSET('INTERVENTION ARM'!$Q$1, MATCH($A2, 'INTERVENTION ARM'!$A:$A, 0) - 7, 0, 6), "Non trouvé", 0, -1)} -> 7 | I2: {=_xlfn.XLOOKUP(P2, OFFSET('INTERVENTION ARM'!$U$1, MATCH($A2, 'INTERVENTION ARM'!$A:$A, 0) - 7, 0, 6), OFFSET('INTERVENTION ARM'!$T$1, MATCH($A2, 'INTERVENTION ARM'!$A:$A, 0) - 7, 0, 6), "Non trouvé", 0, -1)} -> 13 | J2: {=_xlfn.XLOOKUP(P2, OFFSET('INTERVENTION ARM'!$U$1, MATCH($A2, 'INTERVENTION ARM'!$A:$A, 0) - 7, 0, 6), OFFSET('INTERVENTION ARM'!$R$1, MATCH($A2, 'INTERVENTION ARM'!$A:$A, 0) - 7, 0, 6), "Non trouvé", 0, -1)} -> 6 | K2: =ROUNDUP(SQRT((Tableau13[[#This Row],[Pplat (cmH2O)]]*0.04)^2+(Tableau13[[#This Row],[PEEP adaptée (cmH2O)]]*0.04)^2),1) -> 0.6 | L2: =MAX(OFFSET('INTERVENTION ARM'!$J$1, MATCH($A2, 'INTERVENTION ARM'!$A:$A, 0) - 7, 0, 6)) -> 0.373282 | M2: =Tableau13[[#This Row],[Vt adapté(L)]]*0.08 -> 0.02986256 | N2: =MAX(OFFSET('INTERVENTION ARM'!$M$1, MATCH($A2, 'INTERVENTION ARM'!$A:$A, 0) - 7, 0, 6)) -> 12 | O2: =Tableau13[[#This Row],[RR adapté (Cycles/min)]]*0.1 -> 1.2 | P2: =IFERROR(MIN(OFFSET('INTERVENTION ARM'!$U$1, MATCH($A2, 'INTERVENTION ARM'!$A:$A, 0) - 7, 0, 6)), "") -> 1.3169389 | Q2: =IFERROR(MIN(OFFSET('INTERVENTION ARM'!$U$1, MATCH($A2, 'INTERVENTION ARM'!$A:$A, 0) + 0, 0, 6)), "") -> 1.9754083 | R2: =IFERROR(MAX(OFFSET('INTERVENTION ARM'!$Z$1, MATCH($A2, 'INTERVENTION ARM'!$A:$A, 0) - 5, 0, 7)), "") -> 0.5 | S2: =Tableau13[[#This Row],[u(dP) (cmH2O)]]/(SQRT(6-1)) -> 0.26832816 | T2: =IFERROR(MAX(OFFSET('INTERVENTION ARM'!$Z$1, MATCH($A2, 'INTERVENTION ARM'!$A:$A, 0) + 2, 0, 7)), "") -> 0 | U2: =IFERROR(_xlfn.XLOOKUP($A2, 'INTERVENTION ARM'!$A:$A, 'INTERVENTION ARM'!AA:AA), "") -> OUI | V2: =SQRT((((0.098*0.5*Tableau13[[#This Row],[RR adapté (Cycles/min)]]*Tableau13[[#This Row],[dp associée (cmH2O)]]*Tableau13[[#This Row],[u(Vt) (L)]])^2)+((0.098*0.5*Tableau13[[#This Row],[Vt adapté(L)]]*Tableau13[[#This Row],[dp associée (cmH2O)]]*Tableau13[[#This Row],[u(RR) (Cycles/min)]])^2)+((0.098*0.5*Tableau13[[#This Row],[Vt adapté(L)]]*Tableau13[[#This Row],[RR adapté (Cycles/min)]]*Tableau13[[#This Row],[u(dP) (cmH2O)]])^2))) -> 0.21397724 | W2: =MAX(OFFSET('INTERVENTION ARM'!$X$1, MATCH($A2, 'INTERVENTION ARM'!$A:$A, 0) - 7, 0, 8)) -> 0.61111111 | AB2: 14
A3: 2 | B3: =IFERROR(_xlfn.XLOOKUP($A3, 'INTERVENTION ARM'!$A:$A, 'INTERVENTION ARM'!B:B), "") -> F | C3: =IFERROR(_xlfn.XLOOKUP($A3, 'INTERVENTION ARM'!$A:$A, 'INTERVENTION ARM'!C:C), "") -> 56 | D3: =IFERROR(_xlfn.XLOOKUP($A3, 'INTERVENTION ARM'!$A:$A, 'INTERVENTION ARM'!D:D), "") -> 165 | E3: =IFERROR(_xlfn.XLOOKUP($A3, 'INTERVENTION ARM'!$A:$A, 'INTERVENTION ARM'!E:E), "") -> 94 | F3: =IFERROR(_xlfn.XLOOKUP($A3, 'INTERVENTION ARM'!$A:$A, 'INTERVENTION ARM'!F:F), "") -> 56.966 | G3: =IFERROR(_xlfn.XLOOKUP($A3, 'INTERVENTION ARM'!$A:$A, 'INTERVENTION ARM'!H:H), "") -> 34.527089 | H3: {=_xlfn.XLOOKUP(P3, OFFSET('INTERVENTION ARM'!$U$1, MATCH($A3, 'INTERVENTION ARM'!$A:$A, 0) - 7, 0, 6), OFFSET('INTERVENTION ARM'!$Q$1, MATCH($A3, 'INTERVENTION ARM'!$A:$A, 0) - 7, 0, 6), "Non trouvé", 0, -1)} -> 5 | I3: {=_xlfn.XLOOKUP(P3, OFFSET('INTERVENTION ARM'!$U$1, MATCH($A3, 'INTERVENTION ARM'!$A:$A, 0) - 7, 0, 6), OFFSET('INTERVENTION ARM'!$T$1, MATCH($A3, 'INTERVENTION ARM'!$A:$A, 0) - 7, 0, 6), "Non trouvé", 0, -1)} -> 11 | J3: {=_xlfn.XLOOKUP(P3, OFFSET('INTERVENTION ARM'!$U$1, MATCH($A3, 'INTERVENTION ARM'!$A:$A, 0) - 7, 0, 6), OFFSET('INTERVENTION ARM'!$R$1, MATCH($A3, 'INTERVENTION ARM'!$A:$A, 0) - 7, 0, 6), "Non trouvé", 0, -1)} -> 6 | K3: =ROUNDUP(SQRT((Tableau13[[#This Row],[Pplat (cmH2O)]]*0.04)^2+(Tableau13[[#This Row],[PEEP adaptée (cmH2O)]]*0.04)^2),1) -> 0.5 | L3: =MAX(OFFSET('INTERVENTION ARM'!$J$1, MATCH($A3, 'INTERVENTION ARM'!$A:$A, 0) - 7, 0, 6)) -> 0.398762 | M3: =Tableau13[[#This Row],[Vt adapté(L)]]*0.08 -> 0.03190096 | N3: =MAX(OFFSET('INTERVENTION ARM'!$M$1, MATCH($A3, 'INTERVENTION ARM'!$A:$A, 0) - 7, 0, 6)) -> 12 | O3: =Tableau13[[#This Row],[RR adapté (Cycles/min)]]*0.1 -> 1.2 | P3: =IFERROR(MIN(OFFSET('INTERVENTION ARM'!$U$1, MATCH($A3, 'INTERVENTION ARM'!$A:$A, 0) - 7, 0, 6)), "") -> 1.4068323 | Q3: =IFERROR(MIN(OFFSET('INTERVENTION ARM'!$U$1, MATCH($A3, 'INTERVENTION ARM'!$A:$A, 0) + 0, 0, 6)), "") -> 1.6580524 | R3: =IFERROR(MAX(OFFSET('INTERVENTION ARM'!$Z$1, MATCH($A3, 'INTERVENTION ARM'!$A:$A, 0) - 5, 0, 7)), "") -> 0 | S3: =Tableau13[[#This Row],[u(dP) (cmH2O)]]/(SQRT(6-1)) -> 0.2236068 | T3: =IFERROR(MAX(OFFSET('INTERVENTION ARM'!$Z$1, MATCH($A3, 'INTERVENTION ARM'!$A:$A, 0) + 2, 0, 7)), "") -> 0.51639778 | U3: =IFERROR(_xlfn.XLOOKUP($A3, 'INTERVENTION ARM'!$A:$A, 'INTERVENTION ARM'!AA:AA), "") -> OUI | V3: =SQRT((((0.098*0.5*Tableau13[[#This Row],[RR adapté (Cycles/min)]]*Tableau13[[#This Row],[dp associée (cmH2O)]]*Tableau13[[#This Row],[u(Vt) (L)]])^2)+((0.098*0.5*Tableau13[[#This Row],[Vt adapté(L)]]*Tableau13[[#This Row],[dp associée (cmH2O)]]*Tableau13[[#This Row],[u(RR) (Cycles/min)]])^2)+((0.098*0.5*Tableau13[[#This Row],[Vt adapté(L)]]*Tableau13[[#This Row],[RR adapté (Cycles/min)]]*Tableau13[[#This Row],[u(dP) (cmH2O)]])^2))) -> 0.21494835 | W3: =MAX(OFFSET('INTERVENTION ARM'!$X$1, MATCH($A3, 'INTERVENTION ARM'!$A:$A, 0) - 7, 0, 8)) -> 0.5625 | AB3: 13
A4: 3 | B4: =IFERROR(_xlfn.XLOOKUP($A4, 'INTERVENTION ARM'!$A:$A, 'INTERVENTION ARM'!B:B), "") -> M | C4: =IFERROR(_xlfn.XLOOKUP($A4, 'INTERVENTION ARM'!$A:$A, 'INTERVENTION ARM'!C:C), "") -> 52 | D4: =IFERROR(_xlfn.XLOOKUP($A4, 'INTERVENTION ARM'!$A:$A, 'INTERVENTION ARM'!D:D), "") -> 169 | E4: =IFERROR(_xlfn.XLOOKUP($A4, 'INTERVENTION ARM'!$A:$A, 'INTERVENTION ARM'!E:E), "") -> 59 | F4: =IFERROR(_xlfn.XLOOKUP($A4, 'INTERVENTION ARM'!$A:$A, 'INTERVENTION ARM'!F:F), "") -> 65.106 | G4: =IFERROR(_xlfn.XLOOKUP($A4, 'INTERVENTION ARM'!$A:$A, 'INTERVENTION ARM'!H:H), "") -> 20.65754 | H4: {=_xlfn.XLOOKUP(P4, OFFSET('INTERVENTION ARM'!$U$1, MATCH($A4, 'INTERVENTION ARM'!$A:$A, 0) - 7, 0, 6), OFFSET('INTERVENTION ARM'!$Q$1, MATCH($A4, 'INTERVENTION ARM'!$A:$A, 0) - 7, 0, 6), "Non trouvé", 0, -1)} -> 5 | I4: {=_xlfn.XLOOKUP(P4, OFFSET('INTERVENTION ARM'!$U$1, MATCH($A4, 'INTERVENTION ARM'!$A:$A, 0) - 7, 0, 6), OFFSET('INTERVENTION ARM'!$T$1, MATCH($A4, 'INTERVENTION ARM'!$A:$A, 0) - 7, 0, 6), "Non trouvé", 0, -1)} -> 11 | J4: {=_xlfn.XLOOKUP(P4, OFFSET('INTERVENTION ARM'!$U$1, MATCH($A4, 'INTERVENTION ARM'!$A:$A, 0) - 7, 0, 6), OFFSET('INTERVENTION ARM'!$R$1, MATCH($A4, 'INTERVENTION ARM'!$A:$A, 0) - 7, 0, 6), "Non trouvé", 0, -1)} -> 6 | K4: =ROUNDUP(SQRT((Tableau13[[#This Row],[Pplat (cmH2O)]]*0.04)^2+(Tableau13[[#This Row],[PEEP adaptée (cmH2O)]]*0.04)^2),1) -> 0.5 | L4: =MAX(OFFSET('INTERVENTION ARM'!$J$1, MATCH($A4, 'INTERVENTION ARM'!$A:$A, 0) - 7, 0, 6)) -> 0.455742 | M4: =Tableau13[[#This Row],[Vt adapté(L)]]*0.08 -> 0.03645936 | N4: =MAX(OFFSET('INTERVENTION ARM'!$M$1, MATCH($A4, 'INTERVENTION ARM'!$A:$A, 0) - 7, 0, 6)) -> 12 | O4: =Tableau13[[#This Row],[RR adapté (Cycles/min)]]*0.1 -> 1.2 | P4: =IFERROR(MIN(OFFSET('INTERVENTION ARM'!$U$1, MATCH($A4, 'INTERVENTION ARM'!$A:$A, 0) - 7, 0, 6)), "") -> 1.6078578 | Q4: =IFERROR(MIN(OFFSET('INTERVENTION ARM'!$U$1, MATCH($A4, 'INTERVENTION ARM'!$A:$A, 0) + 0, 0, 6)), "") -> 2.7563276 | R4: =IFERROR(MAX(OFFSET('INTERVENTION ARM'!$Z$1, MATCH($A4, 'INTERVENTION ARM'!$A:$A, 0) - 5, 0, 7)), "") -> 0.81649658 | S4: =Tableau13[[#This Row],[u(dP) (cmH2O)]]/(SQRT(6-1)) -> 0.2236068 | T4: =IFERROR(MAX(OFFSET('INTERVENTION ARM'!$Z$1, MATCH($A4, 'INTERVENTION ARM'!$A:$A, 0) + 2, 0, 7)), "") -> 0.81649658 | U4: =IFERROR(_xlfn.XLOOKUP($A4, 'INTERVENTION ARM'!$A:$A, 'INTERVENTION ARM'!AA:AA), "") -> NON | V4: =SQRT((((0.098*0.5*Tableau13[[#This Row],[RR adapté (Cycles/min)]]*Tableau13[[#This Row],[dp associée (cmH2O)]]*Tableau13[[#This Row],[u(Vt) (L)]])^2)+((0.098*0.5*Tableau13[[#This Row],[Vt adapté(L)]]*Tableau13[[#This Row],[dp associée (cmH2O)]]*Tableau13[[#This Row],[u(RR) (Cycles/min)]])^2)+((0.098*0.5*Tableau13[[#This Row],[Vt adapté(L)]]*Tableau13[[#This Row],[RR adapté (Cycles/min)]]*Tableau13[[#This Row],[u(dP) (cmH2O)]])^2))) -> 0.2456628 | W4: =MAX(OFFSET('INTERVENTION ARM'!$X$1, MATCH($A4, 'INTERVENTION ARM'!$A:$A, 0) - 7, 0, 8)) -> 0.56527778 | AB4: 13
A5: 4 | B5: =IFERROR(_xlfn.XLOOKUP($A5, 'INTERVENTION ARM'!$A:$A, 'INTERVENTION ARM'!B:B), "") -> F | C5: =IFERROR(_xlfn.XLOOKUP($A5, 'INTERVENTION ARM'!$A:$A, 'INTERVENTION ARM'!C:C), "") -> 63 | D5: =IFERROR(_xlfn.XLOOKUP($A5, 'INTERVENTION ARM'!$A:$A, 'INTERVENTION ARM'!D:D), "") -> 155 | E5: =IFERROR(_xlfn.XLOOKUP($A5, 'INTERVENTION ARM'!$A:$A, 'INTERVENTION ARM'!E:E), "") -> 52 | F5: =IFERROR(_xlfn.XLOOKUP($A5, 'INTERVENTION ARM'!$A:$A, 'INTERVENTION ARM'!F:F), "") -> 47.866 | G5: =IFERROR(_xlfn.XLOOKUP($A5, 'INTERVENTION ARM'!$A:$A, 'INTERVENTION ARM'!H:H), "") -> 21.644121 | H5: {=_xlfn.XLOOKUP(P5, OFFSET('INTERVENTION ARM'!$U$1, MATCH($A5, 'INTERVENTION ARM'!$A:$A, 0) - 7, 0, 6), OFFSET('INTERVENTION ARM'!$Q$1, MATCH($A5, 'INTERVENTION ARM'!$A:$A, 0) - 7, 0, 6), "Non trouvé", 0, -1)} -> 7 | I5: {=_xlfn.XLOOKUP(P5, OFFSET('INTERVENTION ARM'!$U$1, MATCH($A5, 'INTERVENTION ARM'!$A:$A, 0) - 7, 0, 6), OFFSET('INTERVENTION ARM'!$T$1, MATCH($A5, 'INTERVENTION ARM'!$A:$A, 0) - 7, 0, 6), "Non trouvé", 0, -1)} -> 10 | J5: {=_xlfn.XLOOKUP(P5, OFFSET('INTERVENTION ARM'!$U$1, MATCH($A5, 'INTERVENTION ARM'!$A:$A, 0) - 7, 0, 6), OFFSET('INTERVENTION ARM'!$R$1, MATCH($A5, 'INTERVENTION ARM'!$A:$A, 0) - 7, 0, 6), "Non trouvé", 0, -1)} -> 3 | K5: =ROUNDUP(SQRT((Tableau13[[#This Row],[Pplat (cmH2O)]]*0.04)^2+(Tableau13[[#This Row],[PEEP adaptée (cmH2O)]]*0.04)^2),1) -> 0.5 | L5: =MAX(OFFSET('INTERVENTION ARM'!$J$1, MATCH($A5, 'INTERVENTION ARM'!$A:$A, 0) - 7, 0, 6)) -> 0.335062 | M5: =Tableau13[[#This Row],[Vt adapté(L)]]*0.08 -> 0.02680496 | N5: =MAX(OFFSET('INTERVENTION ARM'!$M$1, MATCH($A5, 'INTERVENTION ARM'!$A:$A, 0) - 7, 0, 6)) -> 12 | O5: =Tableau13[[#This Row],[RR adapté (Cycles/min)]]*0.1 -> 1.2 | P5: =IFERROR(MIN(OFFSET('INTERVENTION ARM'!$U$1, MATCH($A5, 'INTERVENTION ARM'!$A:$A, 0) - 7, 0, 6)), "") -> 0.59104937 | Q5: =IFERROR(MIN(OFFSET('INTERVENTION ARM'!$U$1, MATCH($A5, 'INTERVENTION ARM'!$A:$A, 0) + 0, 0, 6)), "") -> 0.92879186 | R5: =IFERROR(MAX(OFFSET('INTERVENTION ARM'!$Z$1, MATCH($A5, 'INTERVENTION ARM'!$A:$A, 0) - 5, 0, 7)), "") -> 0.75277265 | S5: =Tableau13[[#This Row],[u(dP) (cmH2O)]]/(SQRT(6-1)) -> 0.2236068 | T5: =IFERROR(MAX(OFFSET('INTERVENTION ARM'!$Z$1, MATCH($A5, 'INTERVENTION ARM'!$A:$A, 0) + 2, 0, 7)), "") -> 0.54772256 | U5: =IFERROR(_xlfn.XLOOKUP($A5, 'INTERVENTION ARM'!$A:$A, 'INTERVENTION ARM'!AA:AA), "") -> NON | V5: =SQRT((((0.098*0.5*Tableau13[[#This Row],[RR adapté (Cycles/min)]]*Tableau13[[#This Row],[dp associée (cmH2O)]]*Tableau13[[#This Row],[u(Vt) (L)]])^2)+((0.098*0.5*Tableau13[[#This Row],[Vt adapté(L)]]*Tableau13[[#This Row],[dp associée (cmH2O)]]*Tableau13[[#This Row],[u(RR) (Cycles/min)]])^2)+((0.098*0.5*Tableau13[[#This Row],[Vt adapté(L)]]*Tableau13[[#This Row],[RR adapté (Cycles/min)]]*Tableau13[[#This Row],[u(dP) (cmH2O)]])^2))) -> 0.12422977 | W5: =MAX(OFFSET('INTERVENTION ARM'!$X$1, MATCH($A5, 'INTERVENTION ARM'!$A:$A, 0) - 7, 0, 8)) -> 0.64583333 | AB5: 15 | AC5: =_xlfn.STDEV.S(AB2:AB21) -> 3.133436
A6: 5 | B6: =IFERROR(_xlfn.XLOOKUP($A6, 'INTERVENTION ARM'!$A:$A, 'INTERVENTION ARM'!B:B), "") -> M | C6: =IFERROR(_xlfn.XLOOKUP($A6, 'INTERVENTION ARM'!$A:$A, 'INTERVENTION ARM'!C:C), "") -> 34 | D6: =IFERROR(_xlfn.XLOOKUP($A6, 'INTERVENTION ARM'!$A:$A, 'INTERVENTION ARM'!D:D), "") -> 184 | E6: =IFERROR(_xlfn.XLOOKUP($A6, 'INTERVENTION ARM'!$A:$A, 'INTERVENTION ARM'!E:E), "") -> 96 | F6: =IFERROR(_xlfn.XLOOKUP($A6, 'INTERVENTION ARM'!$A:$A, 'INTERVENTION ARM'!F:F), "") -> 78.756 | G6: =IFERROR(_xlfn.XLOOKUP($A6, 'INTERVENTION ARM'!$A:$A, 'INTERVENTION ARM'!H:H), "") -> 28.355388 | H6: {=_xlfn.XLOOKUP(P6, OFFSET('INTERVENTION ARM'!$U$1, MATCH($A6, 'INTERVENTION ARM'!$A:$A, 0) - 7, 0, 6), OFFSET('INTERVENTION ARM'!$Q$1, MATCH($A6, 'INTERVENTION ARM'!$A:$A, 0) - 7, 0, 6), "Non trouvé", 0, -1)} -> 9 | I6: {=_xlfn.XLOOKUP(P6, OFFSET('INTERVENTION ARM'!$U$1, MATCH($A6, 'INTERVENTION ARM'!$A:$A, 0) - 7, 0, 6), OFFSET('INTERVENTION ARM'!$T$1, MATCH($A6, 'INTERVENTION ARM'!$A:$A, 0) - 7, 0, 6), "Non trouvé", 0, -1)} -> 14 | J6: {=_xlfn.XLOOKUP(P6, OFFSET('INTERVENTION ARM'!$U$1, MATCH($A6, 'INTERVENTION ARM'!$A:$A, 0) - 7, 0, 6), OFFSET('INTERVENTION ARM'!$R$1, MATCH($A6, 'INTERVENTION ARM'!$A:$A, 0) - 7, 0, 6), "Non trouvé", 0, -1)} -> 5 | K6: =ROUNDUP(SQRT((Tableau13[[#This Row],[Pplat (cmH2O)]]*0.04)^2+(Tableau13[[#This Row],[PEEP adaptée (cmH2O)]]*0.04)^2),1) -> 0.7 | L6: =MAX(OFFSET('INTERVENTION ARM'!$J$1, MATCH($A6, 'INTERVENTION ARM'!$A:$A, 0) - 7, 0, 6)) -> 0.551292 | M6: =Tableau13[[#This Row],[Vt adapté(L)]]*0.08 -> 0.04410336 | N6: =MAX(OFFSET('INTERVENTION ARM'!$M$1, MATCH($A6, 'INTERVENTION ARM'!$A:$A, 0) - 7, 0, 6)) -> 12 | O6: =Tableau13[[#This Row],[RR adapté (Cycles/min)]]*0.1 -> 1.2 | P6: =IFERROR(MIN(OFFSET('INTERVENTION ARM'!$U$1, MATCH($A6, 'INTERVENTION ARM'!$A:$A, 0) - 7, 0, 6)), "") -> 1.6207985 | Q6: =IFERROR(MIN(OFFSET('INTERVENTION ARM'!$U$1, MATCH($A6, 'INTERVENTION ARM'!$A:$A, 0) + 0, 0, 6)), "") -> 2.9174373 | R6: =IFERROR(MAX(OFFSET('INTERVENTION ARM'!$Z$1, MATCH($A6, 'INTERVENTION ARM'!$A:$A, 0) - 5, 0, 7)), "") -> 0.40824829 | S6: =Tableau13[[#This Row],[u(dP) (cmH2O)]]/(SQRT(6-1)) -> 0.31304952 | T6: =IFERROR(MAX(OFFSET('INTERVENTION ARM'!$Z$1, MATCH($A6, 'INTERVENTION ARM'!$A:$A, 0) + 2, 0, 7)), "") -> 0 | U6: =IFERROR(_xlfn.XLOOKUP($A6, 'INTERVENTION ARM'!$A:$A, 'INTERVENTION ARM'!AA:AA), "") -> OUI | V6: =SQRT((((0.098*0.5*Tableau13[[#This Row],[RR adapté (Cycles/min)]]*Tableau13[[#This Row],[dp associée (cmH2O)]]*Tableau13[[#This Row],[u(Vt) (L)]])^2)+((0.098*0.5*Tableau13[[#This Row],[Vt adapté(L)]]*Tableau13[[#This Row],[dp associée (cmH2O)]]*Tableau13[[#This Row],[u(RR) (Cycles/min)]])^2)+((0.098*0.5*Tableau13[[#This Row],[Vt adapté(L)]]*Tableau13[[#This Row],[RR adapté (Cycles/min)]]*Tableau13[[#This Row],[u(dP) (cmH2O)]])^2))) -> 0.30752489 | W6: =MAX(OFFSET('INTERVENTION ARM'!$X$1, MATCH($A6, 'INTERVENTION ARM'!$A:$A, 0) - 7, 0, 8)) -> 0.625 | AB6: 15
A7: 6 | B7: =IFERROR(_xlfn.XLOOKUP($A7, 'INTERVENTION ARM'!$A:$A, 'INTERVENTION ARM'!B:B), "") -> M | C7: =IFERROR(_xlfn.XLOOKUP($A7, 'INTERVENTION ARM'!$A:$A, 'INTERVENTION ARM'!C:C), "") -> 51 | D7: =IFERROR(_xlfn.XLOOKUP($A7, 'INTERVENTION ARM'!$A:$A, 'INTERVENTION ARM'!D:D), "") -> 162 | E7: =IFERROR(_xlfn.XLOOKUP($A7, 'INTERVENTION ARM'!$A:$A, 'INTERVENTION ARM'!E:E), "") -> 117 | F7: =IFERROR(_xlfn.XLOOKUP($A7, 'INTERVENTION ARM'!$A:$A, 'INTERVENTION ARM'!F:F), "") -> 58.736 | G7: =IFERROR(_xlfn.XLOOKUP($A7, 'INTERVENTION ARM'!$A:$A, 'INTERVENTION ARM'!H:H), "") -> 44.581619 | H7: {=_xlfn.XLOOKUP(P7, OFFSET('INTERVENTION ARM'!$U$1, MATCH($A7, 'INTERVENTION ARM'!$A:$A, 0) - 7, 0, 6), OFFSET('INTERVENTION ARM'!$Q$1, MATCH($A7, 'INTERVENTION ARM'!$A:$A, 0) - 7, 0, 6), "Non trouvé", 0, -1)} -> 15 | I7: {=_xlfn.XLOOKUP(P7, OFFSET('INTERVENTION ARM'!$U$1, MATCH($A7, 'INTERVENTION ARM'!$A:$A, 0) - 7, 0, 6), OFFSET('INTERVENTION ARM'!$T$1, MATCH($A7, 'INTERVENTION ARM'!$A:$A, 0) - 7, 0, 6), "Non trouvé", 0, -1)} -> 24 | J7: {=_xlfn.XLOOKUP(P7, OFFSET('INTERVENTION ARM'!$U$1, MATCH($A7, 'INTERVENTION ARM'!$A:$A, 0) - 7, 0, 6), OFFSET('INTERVENTION ARM'!$R$1, MATCH($A7, 'INTERVENTION ARM'!$A:$A, 0) - 7, 0, 6), "Non trouvé", 0, -1)} -> 9 | K7: =ROUNDUP(SQRT((Tableau13[[#This Row],[Pplat (cmH2O)]]*0.04)^2+(Tableau13[[#This Row],[PEEP adaptée (cmH2O)]]*0.04)^2),1) -> 1.2 | L7: =MAX(OFFSET('INTERVENTION ARM'!$J$1, MATCH($A7, 'INTERVENTION ARM'!$A:$A, 0) - 7, 0, 6)) -> 0.411152 | M7: =Tableau13[[#This Row],[Vt adapté(L)]]*0.08 -> 0.03289216 | N7: =MAX(OFFSET('INTERVENTION ARM'!$M$1, MATCH($A7, 'INTERVENTION ARM'!$A:$A, 0) - 7, 0, 6)) -> 14 | O7: =Tableau13[[#This Row],[RR adapté (Cycles/min)]]*0.1 -> 1.4 | P7: =IFERROR(MIN(OFFSET('INTERVENTION ARM'!$U$1, MATCH($A7, 'INTERVENTION ARM'!$A:$A, 0) - 7, 0, 6)), "") -> 2.5384524 | Q7: =IFERROR(MIN(OFFSET('INTERVENTION ARM'!$U$1, MATCH($A7, 'INTERVENTION ARM'!$A:$A, 0) + 0, 0, 6)), "") -> 3.2637246 | R7: =IFERROR(MAX(OFFSET('INTERVENTION ARM'!$Z$1, MATCH($A7, 'INTERVENTION ARM'!$A:$A, 0) - 5, 0, 7)), "") -> 0.75277265 | S7: =Tableau13[[#This Row],[u(dP) (cmH2O)]]/(SQRT(6-1)) -> 0.53665631 | T7: =IFERROR(MAX(OFFSET('INTERVENTION ARM'!$Z$1, MATCH($A7, 'INTERVENTION ARM'!$A:$A, 0) + 2, 0, 7)), "") -> 2.607681 | U7: =IFERROR(_xlfn.XLOOKUP($A7, 'INTERVENTION ARM'!$A:$A, 'INTERVENTION ARM'!AA:AA), "") -> Oui | V7: =SQRT((((0.098*0.5*Tableau13[[#This Row],[RR adapté (Cycles/min)]]*Tableau13[[#This Row],[dp associée (cmH2O)]]*Tableau13[[#This Row],[u(Vt) (L)]])^2)+((0.098*0.5*Tableau13[[#This Row],[Vt adapté(L)]]*Tableau13[[#This Row],[dp associée (cmH2O)]]*Tableau13[[#This Row],[u(RR) (Cycles/min)]])^2)+((0.098*0.5*Tableau13[[#This Row],[Vt adapté(L)]]*Tableau13[[#This Row],[RR adapté (Cycles/min)]]*Tableau13[[#This Row],[u(dP) (cmH2O)]])^2))) -> 0.46928961 | W7: =MAX(OFFSET('INTERVENTION ARM'!$X$1, MATCH($A7, 'INTERVENTION ARM'!$A:$A, 0) - 7, 0, 8)) -> 0.66666667 | Y7: 17 minutes et 5 secondes | AB7: 16
A8: 7 | B8: =IFERROR(_xlfn.XLOOKUP($A8, 'INTERVENTION ARM'!$A:$A, 'INTERVENTION ARM'!B:B), "") -> M | C8: =IFERROR(_xlfn.XLOOKUP($A8, 'INTERVENTION ARM'!$A:$A, 'INTERVENTION ARM'!C:C), "") -> 67 | D8: =IFERROR(_xlfn.XLOOKUP($A8, 'INTERVENTION ARM'!$A:$A, 'INTERVENTION ARM'!D:D), "") -> 192 | E8: =IFERROR(_xlfn.XLOOKUP($A8, 'INTERVENTION ARM'!$A:$A, 'INTERVENTION ARM'!E:E), "") -> 138 | F8: =IFERROR(_xlfn.XLOOKUP($A8, 'INTERVENTION ARM'!$A:$A, 'INTERVENTION ARM'!F:F), "") -> 86.036 | G8: =IFERROR(_xlfn.XLOOKUP($A8, 'INTERVENTION ARM'!$A:$A, 'INTERVENTION ARM'!H:H), "") -> 37.434896 | H8: {=_xlfn.XLOOKUP(P8, OFFSET('INTERVENTION ARM'!$U$1, MATCH($A8, 'INTERVENTION ARM'!$A:$A, 0) - 7, 0, 6), OFFSET('INTERVENTION ARM'!$Q$1, MATCH($A8, 'INTERVENTION ARM'!$A:$A, 0) - 7, 0, 6), "Non trouvé", 0, -1)} -> 11 | I8: {=_xlfn.XLOOKUP(P8, OFFSET('INTERVENTION ARM'!$U$1, MATCH($A8, 'INTERVENTION ARM'!$A:$A, 0) - 7, 0, 6), OFFSET('INTERVENTION ARM'!$T$1, MATCH($A8, 'INTERVENTION ARM'!$A:$A, 0) - 7, 0, 6), "Non trouvé", 0, -1)} -> 17 | J8: {=_xlfn.XLOOKUP(P8, OFFSET('INTERVENTION ARM'!$U$1, MATCH($A8, 'INTERVENTION ARM'!$A:$A, 0) - 7, 0, 6), OFFSET('INTERVENTION ARM'!$R$1, MATCH($A8, 'INTERVENTION ARM'!$A:$A, 0) - 7, 0, 6), "Non trouvé", 0, -1)} -> 6 | K8: =ROUNDUP(SQRT((Tableau13[[#This Row],[Pplat (cmH2O)]]*0.04)^2+(Tableau13[[#This Row],[PEEP adaptée (cmH2O)]]*0.04)^2),1) -> 0.9 | L8: =MAX(OFFSET('INTERVENTION ARM'!$J$1, MATCH($A8, 'INTERVENTION ARM'!$A:$A, 0) - 7, 0, 6)) -> 0.602252 | M8: =Tableau13[[#This Row],[Vt adapté(L)]]*0.08 -> 0.04818016 | N8: =MAX(OFFSET('INTERVENTION ARM'!$M$1, MATCH($A8, 'INTERVENTION ARM'!$A:$A, 0) - 7, 0, 6)) -> 12 | O8: =Tableau13[[#This Row],[RR adapté (Cycles/min)]]*0.1 -> 1.2 | P8: =IFERROR(MIN(OFFSET('INTERVENTION ARM'!$U$1, MATCH($A8, 'INTERVENTION ARM'!$A:$A, 0) - 7, 0, 6)), "") -> 2.1247451 | Q8: =IFERROR(MIN(OFFSET('INTERVENTION ARM'!$U$1, MATCH($A8, 'INTERVENTION ARM'!$A:$A, 0) + 0, 0, 6)), "") -> 3.6424201 | R8: =IFERROR(MAX(OFFSET('INTERVENTION ARM'!$Z$1, MATCH($A8, 'INTERVENTION ARM'!$A:$A, 0) - 5, 0, 7)), "") -> 1.3291601 | S8: =Tableau13[[#This Row],[u(dP) (cmH2O)]]/(SQRT(6-1)) -> 0.40249224 | T8: =IFERROR(MAX(OFFSET('INTERVENTION ARM'!$Z$1, MATCH($A8, 'INTERVENTION ARM'!$A:$A, 0) + 2, 0, 7)), "") -> 0.51639778 | U8: =IFERROR(_xlfn.XLOOKUP($A8, 'INTERVENTION ARM'!$A:$A, 'INTERVENTION ARM'!AA:AA), "") -> Oui | V8: =SQRT((((0.098*0.5*Tableau13[[#This Row],[RR adapté (Cycles/min)]]*Tableau13[[#This Row],[dp associée (cmH2O)]]*Tableau13[[#This Row],[u(Vt) (L)]])^2)+((0.098*0.5*Tableau13[[#This Row],[Vt adapté(L)]]*Tableau13[[#This Row],[dp associée (cmH2O)]]*Tableau13[[#This Row],[u(RR) (Cycles/min)]])^2)+((0.098*0.5*Tableau13[[#This Row],[Vt adapté(L)]]*Tableau13[[#This Row],[RR adapté (Cycles/min)]]*Tableau13[[#This Row],[u(dP) (cmH2O)]])^2))) -> 0.41906523 | W8: =MAX(OFFSET('INTERVENTION ARM'!$X$1, MATCH($A8, 'INTERVENTION ARM'!$A:$A, 0) - 7, 0, 8)) -> 0.66666667 | AB8: 16
A9: 8 | B9: =IFERROR(_xlfn.XLOOKUP($A9, 'INTERVENTION ARM'!$A:$A, 'INTERVENTION ARM'!B:B), "") -> F | C9: =IFERROR(_xlfn.XLOOKUP($A9, 'INTERVENTION ARM'!$A:$A, 'INTERVENTION ARM'!C:C), "") -> 38 | D9: =IFERROR(_xlfn.XLOOKUP($A9, 'INTERVENTION ARM'!$A:$A, 'INTERVENTION ARM'!D:D), "") -> 163 | E9: =IFERROR(_xlfn.XLOOKUP($A9, 'INTERVENTION ARM'!$A:$A, 'INTERVENTION ARM'!E:E), "") -> 80 | F9: =IFERROR(_xlfn.XLOOKUP($A9, 'INTERVENTION ARM'!$A:$A, 'INTERVENTION ARM'!F:F), "") -> 55.146 | G9: =IFERROR(_xlfn.XLOOKUP($A9, 'INTERVENTION ARM'!$A:$A, 'INTERVENTION ARM'!H:H), "") -> 30.110279 | H9: {=_xlfn.XLOOKUP(P9, OFFSET('INTERVENTION ARM'!$U$1, MATCH($A9, 'INTERVENTION ARM'!$A:$A, 0) - 7, 0, 6), OFFSET('INTERVENTION ARM'!$Q$1, MATCH($A9, 'INTERVENTION ARM'!$A:$A, 0) - 7, 0, 6), "Non trouvé", 0, -1)} -> 7 | I9: {=_xlfn.XLOOKUP(P9, OFFSET('INTERVENTION ARM'!$U$1, MATCH($A9, 'INTERVENTION ARM'!$A:$A, 0) - 7, 0, 6), OFFSET('INTERVENTION ARM'!$T$1, MATCH($A9, 'INTERVENTION ARM'!$A:$A, 0) - 7, 0, 6), "Non trouvé", 0, -1)} -> 14 | J9: {=_xlfn.XLOOKUP(P9, OFFSET('INTERVENTION ARM'!$U$1, MATCH($A9, 'INTERVENTION ARM'!$A:$A, 0) - 7, 0, 6), OFFSET('INTERVENTION ARM'!$R$1, MATCH($A9, 'INTERVENTION ARM'!$A:$A, 0) - 7, 0, 6), "Non trouvé", 0, -1)} -> 7 | K9: =ROUNDUP(SQRT((Tableau13[[#This Row],[Pplat (cmH2O)]]*0.04)^2+(Tableau13[[#This Row],[PEEP adaptée (cmH2O)]]*0.04)^2),1) -> 0.7 | L9: =MAX(OFFSET('INTERVENTION ARM'!$J$1, MATCH($A9, 'INTERVENTION ARM'!$A:$A, 0) - 7, 0, 6)) -> 0.386022 | M9: =Tableau13[[#This Row],[Vt adapté(L)]]*0.08 -> 0.03088176 | N9: =MAX(OFFSET('INTERVENTION ARM'!$M$1, MATCH($A9, 'INTERVENTION ARM'!$A:$A, 0) - 7, 0, 6)) -> 14 | O9: =Tableau13[[#This Row],[RR adapté (Cycles/min)]]*0.1 -> 1.4 | P9: =IFERROR(MIN(OFFSET('INTERVENTION ARM'!$U$1, MATCH($A9, 'INTERVENTION ARM'!$A:$A, 0) - 7, 0, 6)), "") -> 1.8536776 | Q9: =IFERROR(MIN(OFFSET('INTERVENTION ARM'!$U$1, MATCH($A9, 'INTERVENTION ARM'!$A:$A, 0) + 0, 0, 6)), "") -> 3.404714 | R9: =IFERROR(MAX(OFFSET('INTERVENTION ARM'!$Z$1, MATCH($A9, 'INTERVENTION ARM'!$A:$A, 0) - 5, 0, 7)), "") -> 0.75277265 | S9: =Tableau13[[#This Row],[u(dP) (cmH2O)]]/(SQRT(6-1)) -> 0.31304952 | T9: =IFERROR(MAX(OFFSET('INTERVENTION ARM'!$Z$1, MATCH($A9, 'INTERVENTION ARM'!$A:$A, 0) + 2, 0, 7)), "") -> 0.54772256 | U9: =IFERROR(_xlfn.XLOOKUP($A9, 'INTERVENTION ARM'!$A:$A, 'INTERVENTION ARM'!AA:AA), "") -> NON | V9: =SQRT((((0.098*0.5*Tableau13[[#This Row],[RR adapté (Cycles/min)]]*Tableau13[[#This Row],[dp associée (cmH2O)]]*Tableau13[[#This Row],[u(Vt) (L)]])^2)+((0.098*0.5*Tableau13[[#This Row],[Vt adapté(L)]]*Tableau13[[#This Row],[dp associée (cmH2O)]]*Tableau13[[#This Row],[u(RR) (Cycles/min)]])^2)+((0.098*0.5*Tableau13[[#This Row],[Vt adapté(L)]]*Tableau13[[#This Row],[RR adapté (Cycles/min)]]*Tableau13[[#This Row],[u(dP) (cmH2O)]])^2))) -> 0.30118697 | W9: =MAX(OFFSET('INTERVENTION ARM'!$X$1, MATCH($A9, 'INTERVENTION ARM'!$A:$A, 0) - 7, 0, 8)) -> 0.95833333 | AB9: 23
A10: 9 | B10: =IFERROR(_xlfn.XLOOKUP($A10, 'INTERVENTION ARM'!$A:$A, 'INTERVENTION ARM'!B:B), "") -> F | C10: =IFERROR(_xlfn.XLOOKUP($A10, 'INTERVENTION ARM'!$A:$A, 'INTERVENTION ARM'!C:C), "") -> 48 | D10: =IFERROR(_xlfn.XLOOKUP($A10, 'INTERVENTION ARM'!$A:$A, 'INTERVENTION ARM'!D:D), "") -> 155 | E10: =IFERROR(_xlfn.XLOOKUP($A10, 'INTERVENTION ARM'!$A:$A, 'INTERVENTION ARM'!E:E), "") -> 80 | F10: =IFERROR(_xlfn.XLOOKUP($A10, 'INTERVENTION ARM'!$A:$A, 'INTERVENTION ARM'!F:F), "") -> 47.866 | G10: =IFERROR(_xlfn.XLOOKUP($A10, 'INTERVENTION ARM'!$A:$A, 'INTERVENTION ARM'!H:H), "") -> 33.298647 | H10: {=_xlfn.XLOOKUP(P10, OFFSET('INTERVENTION ARM'!$U$1, MATCH($A10, 'INTERVENTION ARM'!$A:$A, 0) - 7, 0, 6), OFFSET('INTERVENTION ARM'!$Q$1, MATCH($A10, 'INTERVENTION ARM'!$A:$A, 0) - 7, 0, 6), "Non trouvé", 0, -1)} -> 7 | I10: {=_xlfn.XLOOKUP(P10, OFFSET('INTERVENTION ARM'!$U$1, MATCH($A10, 'INTERVENTION ARM'!$A:$A, 0) - 7, 0, 6), OFFSET('INTERVENTION ARM'!$T$1, MATCH($A10, 'INTERVENTION ARM'!$A:$A, 0) - 7, 0, 6), "Non trouvé", 0, -1)} -> 12 | J10: {=_xlfn.XLOOKUP(P10, OFFSET('INTERVENTION ARM'!$U$1, MATCH($A10, 'INTERVENTION ARM'!$A:$A, 0) - 7, 0, 6), OFFSET('INTERVENTION ARM'!$R$1, MATCH($A10, 'INTERVENTION ARM'!$A:$A, 0) - 7, 0, 6), "Non trouvé", 0, -1)} -> 5 | K10: =ROUNDUP(SQRT((Tableau13[[#This Row],[Pplat (cmH2O)]]*0.04)^2+(Tableau13[[#This Row],[PEEP adaptée (cmH2O)]]*0.04)^2),1) -> 0.6 | L10: =MAX(OFFSET('INTERVENTION ARM'!$J$1, MATCH($A10, 'INTERVENTION ARM'!$A:$A, 0) - 7, 0, 6)) -> 0.335062 | M10: =Tableau13[[#This Row],[Vt adapté(L)]]*0.08 -> 0.02680496 | N10: =MAX(OFFSET('INTERVENTION ARM'!$M$1, MATCH($A10, 'INTERVENTION ARM'!$A:$A, 0) - 7, 0, 6)) -> 14 | O10: =Tableau13[[#This Row],[RR adapté (Cycles/min)]]*0.1 -> 1.4 | P10: =IFERROR(MIN(OFFSET('INTERVENTION ARM'!$U$1, MATCH($A10, 'INTERVENTION ARM'!$A:$A, 0) - 7, 0, 6)), "") -> 1.1492627 | Q10: =IFERROR(MIN(OFFSET('INTERVENTION ARM'!$U$1, MATCH($A10, 'INTERVENTION ARM'!$A:$A, 0) + 0, 0, 6)), "") -> 1.8998015 | R10: =IFERROR(MAX(OFFSET('INTERVENTION ARM'!$Z$1, MATCH($A10, 'INTERVENTION ARM'!$A:$A, 0) - 5, 0, 7)), "") -> 0.40824829 | S10: =Tableau13[[#This Row],[u(dP) (cmH2O)]]/(SQRT(6-1)) -> 0.26832816 | T10: =IFERROR(MAX(OFFSET('INTERVENTION ARM'!$Z$1, MATCH($A10, 'INTERVENTION ARM'!$A:$A, 0) + 2, 0, 7)), "") -> 0.40824829 | U10: =IFERROR(_xlfn.XLOOKUP($A10, 'INTERVENTION ARM'!$A:$A, 'INTERVENTION ARM'!AA:AA), "") -> Oui | V10: =SQRT((((0.098*0.5*Tableau13[[#This Row],[RR adapté (Cycles/min)]]*Tableau13[[#This Row],[dp associée (cmH2O)]]*Tableau13[[#This Row],[u(Vt) (L)]])^2)+((0.098*0.5*Tableau13[[#This Row],[Vt adapté(L)]]*Tableau13[[#This Row],[dp associée (cmH2O)]]*Tableau13[[#This Row],[u(RR) (Cycles/min)]])^2)+((0.098*0.5*Tableau13[[#This Row],[Vt adapté(L)]]*Tableau13[[#This Row],[RR adapté (Cycles/min)]]*Tableau13[[#This Row],[u(dP) (cmH2O)]])^2))) -> 0.20169478 | W10: =MAX(OFFSET('INTERVENTION ARM'!$X$1, MATCH($A10, 'INTERVENTION ARM'!$A:$A, 0) - 7, 0, 8)) -> 0.65277778 | AB10: 15
A11: 10 | B11: =IFERROR(_xlfn.XLOOKUP($A11, 'INTERVENTION ARM'!$A:$A, 'INTERVENTION ARM'!B:B), "") -> M | C11: =IFERROR(_xlfn.XLOOKUP($A11, 'INTERVENTION ARM'!$A:$A, 'INTERVENTION ARM'!C:C), "") -> 35 | D11: =IFERROR(_xlfn.XLOOKUP($A11, 'INTERVENTION ARM'!$A:$A, 'INTERVENTION ARM'!D:D), "") -> 167 | E11: =IFERROR(_xlfn.XLOOKUP($A11, 'INTERVENTION ARM'!$A:$A, 'INTERVENTION ARM'!E:E), "") -> 130 | F11: =IFERROR(_xlfn.XLOOKUP($A11, 'INTERVENTION ARM'!$A:$A, 'INTERVENTION ARM'!F:F), "") -> 63.286 | G11: =IFERROR(_xlfn.XLOOKUP($A11, 'INTERVENTION ARM'!$A:$A, 'INTERVENTION ARM'!H:H), "") -> 46.61336 | H11: {=_xlfn.XLOOKUP(P11, OFFSET('INTERVENTION ARM'!$U$1, MATCH($A11, 'INTERVENTION ARM'!$A:$A, 0) - 7, 0, 6), OFFSET('INTERVENTION ARM'!$Q$1, MATCH($A11, 'INTERVENTION ARM'!$A:$A, 0) - 7, 0, 6), "Non trouvé", 0, -1)} -> 13 | I11: {=_xlfn.XLOOKUP(P11, OFFSET('INTERVENTION ARM'!$U$1, MATCH($A11, 'INTERVENTION ARM'!$A:$A, 0) - 7, 0, 6), OFFSET('INTERVENTION ARM'!$T$1, MATCH($A11, 'INTERVENTION ARM'!$A:$A, 0) - 7, 0, 6), "Non trouvé", 0, -1)} -> 19 | J11: {=_xlfn.XLOOKUP(P11, OFFSET('INTERVENTION ARM'!$U$1, MATCH($A11, 'INTERVENTION ARM'!$A:$A, 0) - 7, 0, 6), OFFSET('INTERVENTION ARM'!$R$1, MATCH($A11, 'INTERVENTION ARM'!$A:$A, 0) - 7, 0, 6), "Non trouvé", 0, -1)} -> 6 | K11: =ROUNDUP(SQRT((Tableau13[[#This Row],[Pplat (cmH2O)]]*0.04)^2+(Tableau13[[#This Row],[PEEP adaptée (cmH2O)]]*0.04)^2),1) -> 1 | L11: =MAX(OFFSET('INTERVENTION ARM'!$J$1, MATCH($A11, 'INTERVENTION ARM'!$A:$A, 0) - 7, 0, 6)) -> 0.443002 | M11: =Tableau13[[#This Row],[Vt adapté(L)]]*0.08 -> 0.03544016 | N11: =MAX(OFFSET('INTERVENTION ARM'!$M$1, MATCH($A11, 'INTERVENTION ARM'!$A:$A, 0) - 7, 0, 6)) -> 20 | O11: =Tableau13[[#This Row],[RR adapté (Cycles/min)]]*0.1 -> 2 | P11: =IFERROR(MIN(OFFSET('INTERVENTION ARM'!$U$1, MATCH($A11, 'INTERVENTION ARM'!$A:$A, 0) - 7, 0, 6)), "") -> 2.6048518 | Q11: =IFERROR(MIN(OFFSET('INTERVENTION ARM'!$U$1, MATCH($A11, 'INTERVENTION ARM'!$A:$A, 0) + 0, 0, 6)), "") -> 4.4654602 | R11: =IFERROR(MAX(OFFSET('INTERVENTION ARM'!$Z$1, MATCH($A11, 'INTERVENTION ARM'!$A:$A, 0) - 5, 0, 7)), "") -> 1.4719601 | S11: =Tableau13[[#This Row],[u(dP) (cmH2O)]]/(SQRT(6-1)) -> 0.4472136 | T11: =IFERROR(MAX(OFFSET('INTERVENTION ARM'!$Z$1, MATCH($A11, 'INTERVENTION ARM'!$A:$A, 0) + 2, 0, 7)), "") -> 1.3291601 | U11: =IFERROR(_xlfn.XLOOKUP($A11, 'INTERVENTION ARM'!$A:$A, 'INTERVENTION ARM'!AA:AA), "") -> Oui | V11: =SQRT((((0.098*0.5*Tableau13[[#This Row],[RR adapté (Cycles/min)]]*Tableau13[[#This Row],[dp associée (cmH2O)]]*Tableau13[[#This Row],[u(Vt) (L)]])^2)+((0.098*0.5*Tableau13[[#This Row],[Vt adapté(L)]]*Tableau13[[#This Row],[dp associée (cmH2O)]]*Tableau13[[#This Row],[u(RR) (Cycles/min)]])^2)+((0.098*0.5*Tableau13[[#This Row],[Vt adapté(L)]]*Tableau13[[#This Row],[RR adapté (Cycles/min)]]*Tableau13[[#This Row],[u(dP) (cmH2O)]])^2))) -> 0.54750104 | W11: =MAX(OFFSET('INTERVENTION ARM'!$X$1, MATCH($A11, 'INTERVENTION ARM'!$A:$A, 0) - 7, 0, 8)) -> 0.625 | AB11: 15
A12: 11 | B12: =IFERROR(_xlfn.XLOOKUP($A12, 'INTERVENTION ARM'!$A:$A, 'INTERVENTION ARM'!B:B), "") -> F | C12: =IFERROR(_xlfn.XLOOKUP($A12, 'INTERVENTION ARM'!$A:$A, 'INTERVENTION ARM'!C:C), "") -> 26 | D12: =IFERROR(_xlfn.XLOOKUP($A12, 'INTERVENTION ARM'!$A:$A, 'INTERVENTION ARM'!D:D), "") -> 178 | E12: =IFERROR(_xlfn.XLOOKUP($A12, 'INTERVENTION ARM'!$A:$A, 'INTERVENTION ARM'!E:E), "") -> 140 | F12: =IFERROR(_xlfn.XLOOKUP($A12, 'INTERVENTION ARM'!$A:$A, 'INTERVENTION ARM'!F:F), "") -> 68.796 | G12: =IFERROR(_xlfn.XLOOKUP($A12, 'INTERVENTION ARM'!$A:$A, 'INTERVENTION ARM'!H:H), "") -> 44.18634 | H12: {=_xlfn.XLOOKUP(P12, OFFSET('INTERVENTION ARM'!$U$1, MATCH($A12, 'INTERVENTION ARM'!$A:$A, 0) - 7, 0, 6), OFFSET('INTERVENTION ARM'!$Q$1, MATCH($A12, 'INTERVENTION ARM'!$A:$A, 0) - 7, 0, 6), "Non trouvé", 0, -1)} -> 13 | I12: {=_xlfn.XLOOKUP(P12, OFFSET('INTERVENTION ARM'!$U$1, MATCH($A12, 'INTERVENTION ARM'!$A:$A, 0) - 7, 0, 6), OFFSET('INTERVENTION ARM'!$T$1, MATCH($A12, 'INTERVENTION ARM'!$A:$A, 0) - 7, 0, 6), "Non trouvé", 0, -1)} -> 18 | J12: {=_xlfn.XLOOKUP(P12, OFFSET('INTERVENTION ARM'!$U$1, MATCH($A12, 'INTERVENTION ARM'!$A:$A, 0) - 7, 0, 6), OFFSET('INTERVENTION ARM'!$R$1, MATCH($A12, 'INTERVENTION ARM'!$A:$A, 0) - 7, 0, 6), "Non trouvé", 0, -1)} -> 5 | K12: =ROUNDUP(SQRT((Tableau13[[#This Row],[Pplat (cmH2O)]]*0.04)^2+(Tableau13[[#This Row],[PEEP adaptée (cmH2O)]]*0.04)^2),1) -> 0.9 | L12: =MAX(OFFSET('INTERVENTION ARM'!$J$1, MATCH($A12, 'INTERVENTION ARM'!$A:$A, 0) - 7, 0, 6)) -> 0.481572 | M12: =Tableau13[[#This Row],[Vt adapté(L)]]*0.08 -> 0.03852576 | N12: =MAX(OFFSET('INTERVENTION ARM'!$M$1, MATCH($A12, 'INTERVENTION ARM'!$A:$A, 0) - 7, 0, 6)) -> 13 | O12: =Tableau13[[#This Row],[RR adapté (Cycles/min)]]*0.1 -> 1.3 | P12: =IFERROR(MIN(OFFSET('INTERVENTION ARM'!$U$1, MATCH($A12, 'INTERVENTION ARM'!$A:$A, 0) - 7, 0, 6)), "") -> 1.5338068 | Q12: =IFERROR(MIN(OFFSET('INTERVENTION ARM'!$U$1, MATCH($A12, 'INTERVENTION ARM'!$A:$A, 0) + 0, 0, 6)), "") -> 2.4271229 | R12: =IFERROR(MAX(OFFSET('INTERVENTION ARM'!$Z$1, MATCH($A12, 'INTERVENTION ARM'!$A:$A, 0) - 5, 0, 7)), "") -> 0.75277265 | S12: =Tableau13[[#This Row],[u(dP) (cmH2O)]]/(SQRT(6-1)) -> 0.40249224 | T12: =IFERROR(MAX(OFFSET('INTERVENTION ARM'!$Z$1, MATCH($A12, 'INTERVENTION ARM'!$A:$A, 0) + 2, 0, 7)), "") -> 0 | U12: =IFERROR(_xlfn.XLOOKUP($A12, 'INTERVENTION ARM'!$A:$A, 'INTERVENTION ARM'!AA:AA), "") -> Oui | V12: =SQRT((((0.098*0.5*Tableau13[[#This Row],[RR adapté (Cycles/min)]]*Tableau13[[#This Row],[dp associée (cmH2O)]]*Tableau13[[#This Row],[u(Vt) (L)]])^2)+((0.098*0.5*Tableau13[[#This Row],[Vt adapté(L)]]*Tableau13[[#This Row],[dp associée (cmH2O)]]*Tableau13[[#This Row],[u(RR) (Cycles/min)]])^2)+((0.098*0.5*Tableau13[[#This Row],[Vt adapté(L)]]*Tableau13[[#This Row],[RR adapté (Cycles/min)]]*Tableau13[[#This Row],[u(dP) (cmH2O)]])^2))) -> 0.338829 | W12: =MAX(OFFSET('INTERVENTION ARM'!$X$1, MATCH($A12, 'INTERVENTION ARM'!$A:$A, 0) - 7, 0, 8)) -> 0.875 | AB12: 21
A13: 12 | B13: =IFERROR(_xlfn.XLOOKUP($A13, 'INTERVENTION ARM'!$A:$A, 'INTERVENTION ARM'!B:B), "") -> M | C13: =IFERROR(_xlfn.XLOOKUP($A13, 'INTERVENTION ARM'!$A:$A, 'INTERVENTION ARM'!C:C), "") -> 88 | D13: =IFERROR(_xlfn.XLOOKUP($A13, 'INTERVENTION ARM'!$A:$A, 'INTERVENTION ARM'!D:D), "") -> 170 | E13: =IFERROR(_xlfn.XLOOKUP($A13, 'INTERVENTION ARM'!$A:$A, 'INTERVENTION ARM'!E:E), "") -> 61 | F13: =IFERROR(_xlfn.XLOOKUP($A13, 'INTERVENTION ARM'!$A:$A, 'INTERVENTION ARM'!F:F), "") -> 66.016 | G13: =IFERROR(_xlfn.XLOOKUP($A13, 'INTERVENTION ARM'!$A:$A, 'INTERVENTION ARM'!H:H), "") -> 21.107266 | H13: {=_xlfn.XLOOKUP(P13, OFFSET('INTERVENTION ARM'!$U$1, MATCH($A13, 'INTERVENTION ARM'!$A:$A, 0) - 7, 0, 6), OFFSET('INTERVENTION ARM'!$Q$1, MATCH($A13, 'INTERVENTION ARM'!$A:$A, 0) - 7, 0, 6), "Non trouvé", 0, -1)} -> 5 | I13: {=_xlfn.XLOOKUP(P13, OFFSET('INTERVENTION ARM'!$U$1, MATCH($A13, 'INTERVENTION ARM'!$A:$A, 0) - 7, 0, 6), OFFSET('INTERVENTION ARM'!$T$1, MATCH($A13, 'INTERVENTION ARM'!$A:$A, 0) - 7, 0, 6), "Non trouvé", 0, -1)} -> 14 | J13: {=_xlfn.XLOOKUP(P13, OFFSET('INTERVENTION ARM'!$U$1, MATCH($A13, 'INTERVENTION ARM'!$A:$A, 0) - 7, 0, 6), OFFSET('INTERVENTION ARM'!$R$1, MATCH($A13, 'INTERVENTION ARM'!$A:$A, 0) - 7, 0, 6), "Non trouvé", 0, -1)} -> 9 | K13: =ROUNDUP(SQRT((Tableau13[[#This Row],[Pplat (cmH2O)]]*0.04)^2+(Tableau13[[#This Row],[PEEP adaptée (cmH2O)]]*0.04)^2),1) -> 0.6 | L13: =MAX(OFFSET('INTERVENTION ARM'!$J$1, MATCH($A13, 'INTERVENTION ARM'!$A:$A, 0) - 7, 0, 6)) -> 0.462112 | M13: =Tableau13[[#This Row],[Vt adapté(L)]]*0.08 -> 0.03696896 | N13: =MAX(OFFSET('INTERVENTION ARM'!$M$1, MATCH($A13, 'INTERVENTION ARM'!$A:$A, 0) - 7, 0, 6)) -> 11 | O13: =Tableau13[[#This Row],[RR adapté (Cycles/min)]]*0.1 -> 1.1 | P13: =IFERROR(MIN(OFFSET('INTERVENTION ARM'!$U$1, MATCH($A13, 'INTERVENTION ARM'!$A:$A, 0) - 7, 0, 6)), "") -> 2.2417053 | Q13: =IFERROR(MIN(OFFSET('INTERVENTION ARM'!$U$1, MATCH($A13, 'INTERVENTION ARM'!$A:$A, 0) + 0, 0, 6)), "") -> 3.9302626 | R13: =IFERROR(MAX(OFFSET('INTERVENTION ARM'!$Z$1, MATCH($A13, 'INTERVENTION ARM'!$A:$A, 0) - 5, 0, 7)), "") -> 1.2110601 | S13: =Tableau13[[#This Row],[u(dP) (cmH2O)]]/(SQRT(6-1)) -> 0.26832816 | T13: =IFERROR(MAX(OFFSET('INTERVENTION ARM'!$Z$1, MATCH($A13, 'INTERVENTION ARM'!$A:$A, 0) + 2, 0, 7)), "") -> 1.2649111 | U13: =IFERROR(_xlfn.XLOOKUP($A13, 'INTERVENTION ARM'!$A:$A, 'INTERVENTION ARM'!AA:AA), "") -> Oui | V13: =SQRT((((0.098*0.5*Tableau13[[#This Row],[RR adapté (Cycles/min)]]*Tableau13[[#This Row],[dp associée (cmH2O)]]*Tableau13[[#This Row],[u(Vt) (L)]])^2)+((0.098*0.5*Tableau13[[#This Row],[Vt adapté(L)]]*Tableau13[[#This Row],[dp associée (cmH2O)]]*Tableau13[[#This Row],[u(RR) (Cycles/min)]])^2)+((0.098*0.5*Tableau13[[#This Row],[Vt adapté(L)]]*Tableau13[[#This Row],[RR adapté (Cycles/min)]]*Tableau13[[#This Row],[u(dP) (cmH2O)]])^2))) -> 0.32364856 | W13: =MAX(OFFSET('INTERVENTION ARM'!$X$1, MATCH($A13, 'INTERVENTION ARM'!$A:$A, 0) - 7, 0, 8)) -> 0.83333333 | AB13: 20
A14: 13 | B14: =IFERROR(_xlfn.XLOOKUP($A14, 'INTERVENTION ARM'!$A:$A, 'INTERVENTION ARM'!B:B), "") -> M | C14: =IFERROR(_xlfn.XLOOKUP($A14, 'INTERVENTION ARM'!$A:$A, 'INTERVENTION ARM'!C:C), "") -> 61 | D14: =IFERROR(_xlfn.XLOOKUP($A14, 'INTERVENTION ARM'!$A:$A, 'INTERVENTION ARM'!D:D), "") -> 185 | E14: =IFERROR(_xlfn.XLOOKUP($A14, 'INTERVENTION ARM'!$A:$A, 'INTERVENTION ARM'!E:E), "") -> 85 | F14: =IFERROR(_xlfn.XLOOKUP($A14, 'INTERVENTION ARM'!$A:$A, 'INTERVENTION ARM'!F:F), "") -> 79.666 | G14: =IFERROR(_xlfn.XLOOKUP($A14, 'INTERVENTION ARM'!$A:$A, 'INTERVENTION ARM'!H:H), "") -> 24.835646 | H14: {=_xlfn.XLOOKUP(P14, OFFSET('INTERVENTION ARM'!$U$1, MATCH($A14, 'INTERVENTION ARM'!$A:$A, 0) - 7, 0, 6), OFFSET('INTERVENTION ARM'!$Q$1, MATCH($A14, 'INTERVENTION ARM'!$A:$A, 0) - 7, 0, 6), "Non trouvé", 0, -1)} -> 9 | I14: {=_xlfn.XLOOKUP(P14, OFFSET('INTERVENTION ARM'!$U$1, MATCH($A14, 'INTERVENTION ARM'!$A:$A, 0) - 7, 0, 6), OFFSET('INTERVENTION ARM'!$T$1, MATCH($A14, 'INTERVENTION ARM'!$A:$A, 0) - 7, 0, 6), "Non trouvé", 0, -1)} -> 16 | J14: {=_xlfn.XLOOKUP(P14, OFFSET('INTERVENTION ARM'!$U$1, MATCH($A14, 'INTERVENTION ARM'!$A:$A, 0) - 7, 0, 6), OFFSET('INTERVENTION ARM'!$R$1, MATCH($A14, 'INTERVENTION ARM'!$A:$A, 0) - 7, 0, 6), "Non trouvé", 0, -1)} -> 7 | K14: =ROUNDUP(SQRT((Tableau13[[#This Row],[Pplat (cmH2O)]]*0.04)^2+(Tableau13[[#This Row],[PEEP adaptée (cmH2O)]]*0.04)^2),1) -> 0.8 | L14: =MAX(OFFSET('INTERVENTION ARM'!$J$1, MATCH($A14, 'INTERVENTION ARM'!$A:$A, 0) - 7, 0, 6)) -> 0.557662 | M14: =Tableau13[[#This Row],[Vt adapté(L)]]*0.08 -> 0.04461296 | N14: =MAX(OFFSET('INTERVENTION ARM'!$M$1, MATCH($A14, 'INTERVENTION ARM'!$A:$A, 0) - 7, 0, 6)) -> 11 | O14: =Tableau13[[#This Row],[RR adapté (Cycles/min)]]*0.1 -> 1.1 | P14: =IFERROR(MIN(OFFSET('INTERVENTION ARM'!$U$1, MATCH($A14, 'INTERVENTION ARM'!$A:$A, 0) - 7, 0, 6)), "") -> 2.1040587 | Q14: =IFERROR(MIN(OFFSET('INTERVENTION ARM'!$U$1, MATCH($A14, 'INTERVENTION ARM'!$A:$A, 0) + 0, 0, 6)), "") -> 3.4781379 | R14: =IFERROR(MAX(OFFSET('INTERVENTION ARM'!$Z$1, MATCH($A14, 'INTERVENTION ARM'!$A:$A, 0) - 5, 0, 7)), "") -> 0.54772256 | S14: =Tableau13[[#This Row],[u(dP) (cmH2O)]]/(SQRT(6-1)) -> 0.35777088 | T14: =IFERROR(MAX(OFFSET('INTERVENTION ARM'!$Z$1, MATCH($A14, 'INTERVENTION ARM'!$A:$A, 0) + 2, 0, 7)), "") -> 0.54772256 | U14: =IFERROR(_xlfn.XLOOKUP($A14, 'INTERVENTION ARM'!$A:$A, 'INTERVENTION ARM'!AA:AA), "") -> Oui | V14: =SQRT((((0.098*0.5*Tableau13[[#This Row],[RR adapté (Cycles/min)]]*Tableau13[[#This Row],[dp associée (cmH2O)]]*Tableau13[[#This Row],[u(Vt) (L)]])^2)+((0.098*0.5*Tableau13[[#This Row],[Vt adapté(L)]]*Tableau13[[#This Row],[dp associée (cmH2O)]]*Tableau13[[#This Row],[u(RR) (Cycles/min)]])^2)+((0.098*0.5*Tableau13[[#This Row],[Vt adapté(L)]]*Tableau13[[#This Row],[RR adapté (Cycles/min)]]*Tableau13[[#This Row],[u(dP) (cmH2O)]])^2))) -> 0.36114637 | W14: =MAX(OFFSET('INTERVENTION ARM'!$X$1, MATCH($A14, 'INTERVENTION ARM'!$A:$A, 0) - 7, 0, 8)) -> 0.60972222 | AB14: 14
A15: 14 | B15: =IFERROR(_xlfn.XLOOKUP($A15, 'INTERVENTION ARM'!$A:$A, 'INTERVENTION ARM'!B:B), "") -> F | C15: =IFERROR(_xlfn.XLOOKUP($A15, 'INTERVENTION ARM'!$A:$A, 'INTERVENTION ARM'!C:C), "") -> 58 | D15: =IFERROR(_xlfn.XLOOKUP($A15, 'INTERVENTION ARM'!$A:$A, 'INTERVENTION ARM'!D:D), "") -> 163 | E15: =IFERROR(_xlfn.XLOOKUP($A15, 'INTERVENTION ARM'!$A:$A, 'INTERVENTION ARM'!E:E), "") -> 63 | F15: =IFERROR(_xlfn.XLOOKUP($A15, 'INTERVENTION ARM'!$A:$A, 'INTERVENTION ARM'!F:F), "") -> 55.146 | G15: =IFERROR(_xlfn.XLOOKUP($A15, 'INTERVENTION ARM'!$A:$A, 'INTERVENTION ARM'!H:H), "") -> 23.711845 | H15: {=_xlfn.XLOOKUP(P15, OFFSET('INTERVENTION ARM'!$U$1, MATCH($A15, 'INTERVENTION ARM'!$A:$A, 0) - 7, 0, 6), OFFSET('INTERVENTION ARM'!$Q$1, MATCH($A15, 'INTERVENTION ARM'!$A:$A, 0) - 7, 0, 6), "Non trouvé", 0, -1)} -> 7 | I15: {=_xlfn.XLOOKUP(P15, OFFSET('INTERVENTION ARM'!$U$1, MATCH($A15, 'INTERVENTION ARM'!$A:$A, 0) - 7, 0, 6), OFFSET('INTERVENTION ARM'!$T$1, MATCH($A15, 'INTERVENTION ARM'!$A:$A, 0) - 7, 0, 6), "Non trouvé", 0, -1)} -> 13 | J15: {=_xlfn.XLOOKUP(P15, OFFSET('INTERVENTION ARM'!$U$1, MATCH($A15, 'INTERVENTION ARM'!$A:$A, 0) - 7, 0, 6), OFFSET('INTERVENTION ARM'!$R$1, MATCH($A15, 'INTERVENTION ARM'!$A:$A, 0) - 7, 0, 6), "Non trouvé", 0, -1)} -> 6 | K15: =ROUNDUP(SQRT((Tableau13[[#This Row],[Pplat (cmH2O)]]*0.04)^2+(Tableau13[[#This Row],[PEEP adaptée (cmH2O)]]*0.04)^2),1) -> 0.6 | L15: =MAX(OFFSET('INTERVENTION ARM'!$J$1, MATCH($A15, 'INTERVENTION ARM'!$A:$A, 0) - 7, 0, 6)) -> 0.386022 | M15: =Tableau13[[#This Row],[Vt adapté(L)]]*0.08 -> 0.03088176 | N15: =MAX(OFFSET('INTERVENTION ARM'!$M$1, MATCH($A15, 'INTERVENTION ARM'!$A:$A, 0) - 7, 0, 6)) -> 13 | O15: =Tableau13[[#This Row],[RR adapté (Cycles/min)]]*0.1 -> 1.3 | P15: =IFERROR(MIN(OFFSET('INTERVENTION ARM'!$U$1, MATCH($A15, 'INTERVENTION ARM'!$A:$A, 0) - 7, 0, 6)), "") -> 1.4753761 | Q15: =IFERROR(MIN(OFFSET('INTERVENTION ARM'!$U$1, MATCH($A15, 'INTERVENTION ARM'!$A:$A, 0) + 0, 0, 6)), "") -> 1.8969121 | R15: =IFERROR(MAX(OFFSET('INTERVENTION ARM'!$Z$1, MATCH($A15, 'INTERVENTION ARM'!$A:$A, 0) - 5, 0, 7)), "") -> 0.40824829 | S15: =Tableau13[[#This Row],[u(dP) (cmH2O)]]/(SQRT(6-1)) -> 0.26832816 | T15: =IFERROR(MAX(OFFSET('INTERVENTION ARM'!$Z$1, MATCH($A15, 'INTERVENTION ARM'!$A:$A, 0) + 2, 0, 7)), "") -> 0.51639778 | U15: =IFERROR(_xlfn.XLOOKUP($A15, 'INTERVENTION ARM'!$A:$A, 'INTERVENTION ARM'!AA:AA), "") -> Oui | V15: =SQRT((((0.098*0.5*Tableau13[[#This Row],[RR adapté (Cycles/min)]]*Tableau13[[#This Row],[dp associée (cmH2O)]]*Tableau13[[#This Row],[u(Vt) (L)]])^2)+((0.098*0.5*Tableau13[[#This Row],[Vt adapté(L)]]*Tableau13[[#This Row],[dp associée (cmH2O)]]*Tableau13[[#This Row],[u(RR) (Cycles/min)]])^2)+((0.098*0.5*Tableau13[[#This Row],[Vt adapté(L)]]*Tableau13[[#This Row],[RR adapté (Cycles/min)]]*Tableau13[[#This Row],[u(dP) (cmH2O)]])^2))) -> 0.23972024 | W15: =MAX(OFFSET('INTERVENTION ARM'!$X$1, MATCH($A15, 'INTERVENTION ARM'!$A:$A, 0) - 7, 0, 8)) -> 0.73263889 | AB15: 17
A16: 15 | B16: =IFERROR(_xlfn.XLOOKUP($A16, 'INTERVENTION ARM'!$A:$A, 'INTERVENTION ARM'!B:B), "") -> M | C16: =IFERROR(_xlfn.XLOOKUP($A16, 'INTERVENTION ARM'!$A:$A, 'INTERVENTION ARM'!C:C), "") -> 76 | D16: =IFERROR(_xlfn.XLOOKUP($A16, 'INTERVENTION ARM'!$A:$A, 'INTERVENTION ARM'!D:D), "") -> 175 | E16: =IFERROR(_xlfn.XLOOKUP($A16, 'INTERVENTION ARM'!$A:$A, 'INTERVENTION ARM'!E:E), "") -> 95 | F16: =IFERROR(_xlfn.XLOOKUP($A16, 'INTERVENTION ARM'!$A:$A, 'INTERVENTION ARM'!F:F), "") -> 70.566 | G16: =IFERROR(_xlfn.XLOOKUP($A16, 'INTERVENTION ARM'!$A:$A, 'INTERVENTION ARM'!H:H), "") -> 31.020408 | H16: {=_xlfn.XLOOKUP(P16, OFFSET('INTERVENTION ARM'!$U$1, MATCH($A16, 'INTERVENTION ARM'!$A:$A, 0) - 7, 0, 6), OFFSET('INTERVENTION ARM'!$Q$1, MATCH($A16, 'INTERVENTION ARM'!$A:$A, 0) - 7, 0, 6), "Non trouvé", 0, -1)} -> 7 | I16: {=_xlfn.XLOOKUP(P16, OFFSET('INTERVENTION ARM'!$U$1, MATCH($A16, 'INTERVENTION ARM'!$A:$A, 0) - 7, 0, 6), OFFSET('INTERVENTION ARM'!$T$1, MATCH($A16, 'INTERVENTION ARM'!$A:$A, 0) - 7, 0, 6), "Non trouvé", 0, -1)} -> 14 | J16: {=_xlfn.XLOOKUP(P16, OFFSET('INTERVENTION ARM'!$U$1, MATCH($A16, 'INTERVENTION ARM'!$A:$A, 0) - 7, 0, 6), OFFSET('INTERVENTION ARM'!$R$1, MATCH($A16, 'INTERVENTION ARM'!$A:$A, 0) - 7, 0, 6), "Non trouvé", 0, -1)} -> 7 | K16: =ROUNDUP(SQRT((Tableau13[[#This Row],[Pplat (cmH2O)]]*0.04)^2+(Tableau13[[#This Row],[PEEP adaptée (cmH2O)]]*0.04)^2),1) -> 0.7 | L16: =MAX(OFFSET('INTERVENTION ARM'!$J$1, MATCH($A16, 'INTERVENTION ARM'!$A:$A, 0) - 7, 0, 6)) -> 0.493962 | M16: =Tableau13[[#This Row],[Vt adapté(L)]]*0.08 -> 0.03951696 | N16: =MAX(OFFSET('INTERVENTION ARM'!$M$1, MATCH($A16, 'INTERVENTION ARM'!$A:$A, 0) - 7, 0, 6)) -> 11 | O16: =Tableau13[[#This Row],[RR adapté (Cycles/min)]]*0.1 -> 1.1 | P16: =IFERROR(MIN(OFFSET('INTERVENTION ARM'!$U$1, MATCH($A16, 'INTERVENTION ARM'!$A:$A, 0) - 7, 0, 6)), "") -> 1.8637186 | Q16: =IFERROR(MIN(OFFSET('INTERVENTION ARM'!$U$1, MATCH($A16, 'INTERVENTION ARM'!$A:$A, 0) + 0, 0, 6)), "") -> 3.6409939 | R16: =IFERROR(MAX(OFFSET('INTERVENTION ARM'!$Z$1, MATCH($A16, 'INTERVENTION ARM'!$A:$A, 0) - 5, 0, 7)), "") -> 0.51639778 | S16: =Tableau13[[#This Row],[u(dP) (cmH2O)]]/(SQRT(6-1)) -> 0.31304952 | T16: =IFERROR(MAX(OFFSET('INTERVENTION ARM'!$Z$1, MATCH($A16, 'INTERVENTION ARM'!$A:$A, 0) + 2, 0, 7)), "") -> 0.63245553 | U16: =IFERROR(_xlfn.XLOOKUP($A16, 'INTERVENTION ARM'!$A:$A, 'INTERVENTION ARM'!AA:AA), "") -> Oui | V16: =SQRT((((0.098*0.5*Tableau13[[#This Row],[RR adapté (Cycles/min)]]*Tableau13[[#This Row],[dp associée (cmH2O)]]*Tableau13[[#This Row],[u(Vt) (L)]])^2)+((0.098*0.5*Tableau13[[#This Row],[Vt adapté(L)]]*Tableau13[[#This Row],[dp associée (cmH2O)]]*Tableau13[[#This Row],[u(RR) (Cycles/min)]])^2)+((0.098*0.5*Tableau13[[#This Row],[Vt adapté(L)]]*Tableau13[[#This Row],[RR adapté (Cycles/min)]]*Tableau13[[#This Row],[u(dP) (cmH2O)]])^2))) -> 0.30281843 | W16: =MAX(OFFSET('INTERVENTION ARM'!$X$1, MATCH($A16, 'INTERVENTION ARM'!$A:$A, 0) - 7, 0, 8)) -> 0.79166667 | AB16: 19
A17: 16 | B17: =IFERROR(_xlfn.XLOOKUP($A17, 'INTERVENTION ARM'!$A:$A, 'INTERVENTION ARM'!B:B), "") -> M | C17: =IFERROR(_xlfn.XLOOKUP($A17, 'INTERVENTION ARM'!$A:$A, 'INTERVENTION ARM'!C:C), "") -> 67 | D17: =IFERROR(_xlfn.XLOOKUP($A17, 'INTERVENTION ARM'!$A:$A, 'INTERVENTION ARM'!D:D), "") -> 180 | E17: =IFERROR(_xlfn.XLOOKUP($A17, 'INTERVENTION ARM'!$A:$A, 'INTERVENTION ARM'!E:E), "") -> 120 | F17: =IFERROR(_xlfn.XLOOKUP($A17, 'INTERVENTION ARM'!$A:$A, 'INTERVENTION ARM'!F:F), "") -> 75.116 | G17: =IFERROR(_xlfn.XLOOKUP($A17, 'INTERVENTION ARM'!$A:$A, 'INTERVENTION ARM'!H:H), "") -> 37.037037 | H17: {=_xlfn.XLOOKUP(P17, OFFSET('INTERVENTION ARM'!$U$1, MATCH($A17, 'INTERVENTION ARM'!$A:$A, 0) - 7, 0, 6), OFFSET('INTERVENTION ARM'!$Q$1, MATCH($A17, 'INTERVENTION ARM'!$A:$A, 0) - 7, 0, 6), "Non trouvé", 0, -1)} -> 7 | I17: {=_xlfn.XLOOKUP(P17, OFFSET('INTERVENTION ARM'!$U$1, MATCH($A17, 'INTERVENTION ARM'!$A:$A, 0) - 7, 0, 6), OFFSET('INTERVENTION ARM'!$T$1, MATCH($A17, 'INTERVENTION ARM'!$A:$A, 0) - 7, 0, 6), "Non trouvé", 0, -1)} -> 16 | J17: {=_xlfn.XLOOKUP(P17, OFFSET('INTERVENTION ARM'!$U$1, MATCH($A17, 'INTERVENTION ARM'!$A:$A, 0) - 7, 0, 6), OFFSET('INTERVENTION ARM'!$R$1, MATCH($A17, 'INTERVENTION ARM'!$A:$A, 0) - 7, 0, 6), "Non trouvé", 0, -1)} -> 9 | K17: =ROUNDUP(SQRT((Tableau13[[#This Row],[Pplat (cmH2O)]]*0.04)^2+(Tableau13[[#This Row],[PEEP adaptée (cmH2O)]]*0.04)^2),1) -> 0.7 | L17: =MAX(OFFSET('INTERVENTION ARM'!$J$1, MATCH($A17, 'INTERVENTION ARM'!$A:$A, 0) - 7, 0, 6)) -> 0.525812 | M17: =Tableau13[[#This Row],[Vt adapté(L)]]*0.08 -> 0.04206496 | N17: =MAX(OFFSET('INTERVENTION ARM'!$M$1, MATCH($A17, 'INTERVENTION ARM'!$A:$A, 0) - 7, 0, 6)) -> 10 | O17: =Tableau13[[#This Row],[RR adapté (Cycles/min)]]*0.1 -> 1 | P17: =IFERROR(MIN(OFFSET('INTERVENTION ARM'!$U$1, MATCH($A17, 'INTERVENTION ARM'!$A:$A, 0) - 7, 0, 6)), "") -> 2.3188309 | Q17: =IFERROR(MIN(OFFSET('INTERVENTION ARM'!$U$1, MATCH($A17, 'INTERVENTION ARM'!$A:$A, 0) + 0, 0, 6)), "") -> 3.180111 | R17: =IFERROR(MAX(OFFSET('INTERVENTION ARM'!$Z$1, MATCH($A17, 'INTERVENTION ARM'!$A:$A, 0) - 5, 0, 7)), "") -> 0.40824829 | S17: =Tableau13[[#This Row],[u(dP) (cmH2O)]]/(SQRT(6-1)) -> 0.31304952 | T17: =IFERROR(MAX(OFFSET('INTERVENTION ARM'!$Z$1, MATCH($A17, 'INTERVENTION ARM'!$A:$A, 0) + 2, 0, 7)), "") -> 9.4109865 | U17: =IFERROR(_xlfn.XLOOKUP($A17, 'INTERVENTION ARM'!$A:$A, 'INTERVENTION ARM'!AA:AA), "") -> Oui | V17: =SQRT((((0.098*0.5*Tableau13[[#This Row],[RR adapté (Cycles/min)]]*Tableau13[[#This Row],[dp associée (cmH2O)]]*Tableau13[[#This Row],[u(Vt) (L)]])^2)+((0.098*0.5*Tableau13[[#This Row],[Vt adapté(L)]]*Tableau13[[#This Row],[dp associée (cmH2O)]]*Tableau13[[#This Row],[u(RR) (Cycles/min)]])^2)+((0.098*0.5*Tableau13[[#This Row],[Vt adapté(L)]]*Tableau13[[#This Row],[RR adapté (Cycles/min)]]*Tableau13[[#This Row],[u(dP) (cmH2O)]])^2))) -> 0.34743317 | W17: =MAX(OFFSET('INTERVENTION ARM'!$X$1, MATCH($A17, 'INTERVENTION ARM'!$A:$A, 0) - 7, 0, 8)) -> 0.75 | AB17: 18
A18: 17 | B18: =IFERROR(_xlfn.XLOOKUP($A18, 'INTERVENTION ARM'!$A:$A, 'INTERVENTION ARM'!B:B), "") -> M | C18: =IFERROR(_xlfn.XLOOKUP($A18, 'INTERVENTION ARM'!$A:$A, 'INTERVENTION ARM'!C:C), "") -> 60 | D18: =IFERROR(_xlfn.XLOOKUP($A18, 'INTERVENTION ARM'!$A:$A, 'INTERVENTION ARM'!D:D), "") -> 175 | E18: =IFERROR(_xlfn.XLOOKUP($A18, 'INTERVENTION ARM'!$A:$A, 'INTERVENTION ARM'!E:E), "") -> 107 | F18: =IFERROR(_xlfn.XLOOKUP($A18, 'INTERVENTION ARM'!$A:$A, 'INTERVENTION ARM'!F:F), "") -> 70.566 | G18: =IFERROR(_xlfn.XLOOKUP($A18, 'INTERVENTION ARM'!$A:$A, 'INTERVENTION ARM'!H:H), "") -> 34.938776 | H18: {=_xlfn.XLOOKUP(P18, OFFSET('INTERVENTION ARM'!$U$1, MATCH($A18, 'INTERVENTION ARM'!$A:$A, 0) - 7, 0, 6), OFFSET('INTERVENTION ARM'!$Q$1, MATCH($A18, 'INTERVENTION ARM'!$A:$A, 0) - 7, 0, 6), "Non trouvé", 0, -1)} -> 11 | I18: {=_xlfn.XLOOKUP(P18, OFFSET('INTERVENTION ARM'!$U$1, MATCH($A18, 'INTERVENTION ARM'!$A:$A, 0) - 7, 0, 6), OFFSET('INTERVENTION ARM'!$T$1, MATCH($A18, 'INTERVENTION ARM'!$A:$A, 0) - 7, 0, 6), "Non trouvé", 0, -1)} -> 17 | J18: {=_xlfn.XLOOKUP(P18, OFFSET('INTERVENTION ARM'!$U$1, MATCH($A18, 'INTERVENTION ARM'!$A:$A, 0) - 7, 0, 6), OFFSET('INTERVENTION ARM'!$R$1, MATCH($A18, 'INTERVENTION ARM'!$A:$A, 0) - 7, 0, 6), "Non trouvé", 0, -1)} -> 6 | K18: =ROUNDUP(SQRT((Tableau13[[#This Row],[Pplat (cmH2O)]]*0.04)^2+(Tableau13[[#This Row],[PEEP adaptée (cmH2O)]]*0.04)^2),1) -> 0.9 | L18: =MAX(OFFSET('INTERVENTION ARM'!$J$1, MATCH($A18, 'INTERVENTION ARM'!$A:$A, 0) - 7, 0, 6)) -> 0.493962 | M18: =Tableau13[[#This Row],[Vt adapté(L)]]*0.08 -> 0.03951696 | N18: =MAX(OFFSET('INTERVENTION ARM'!$M$1, MATCH($A18, 'INTERVENTION ARM'!$A:$A, 0) - 7, 0, 6)) -> 12 | O18: =Tableau13[[#This Row],[RR adapté (Cycles/min)]]*0.1 -> 1.2 | P18: =IFERROR(MIN(OFFSET('INTERVENTION ARM'!$U$1, MATCH($A18, 'INTERVENTION ARM'!$A:$A, 0) - 7, 0, 6)), "") -> 1.7426979 | Q18: =IFERROR(MIN(OFFSET('INTERVENTION ARM'!$U$1, MATCH($A18, 'INTERVENTION ARM'!$A:$A, 0) + 0, 0, 6)), "") -> 1.9605352 | R18: =IFERROR(MAX(OFFSET('INTERVENTION ARM'!$Z$1, MATCH($A18, 'INTERVENTION ARM'!$A:$A, 0) - 5, 0, 7)), "") -> 1.0327956 | S18: =Tableau13[[#This Row],[u(dP) (cmH2O)]]/(SQRT(6-1)) -> 0.40249224 | T18: =IFERROR(MAX(OFFSET('INTERVENTION ARM'!$Z$1, MATCH($A18, 'INTERVENTION ARM'!$A:$A, 0) + 2, 0, 7)), "") -> 1.2649111 | U18: =IFERROR(_xlfn.XLOOKUP($A18, 'INTERVENTION ARM'!$A:$A, 'INTERVENTION ARM'!AA:AA), "") -> NON | V18: =SQRT((((0.098*0.5*Tableau13[[#This Row],[RR adapté (Cycles/min)]]*Tableau13[[#This Row],[dp associée (cmH2O)]]*Tableau13[[#This Row],[u(Vt) (L)]])^2)+((0.098*0.5*Tableau13[[#This Row],[Vt adapté(L)]]*Tableau13[[#This Row],[dp associée (cmH2O)]]*Tableau13[[#This Row],[u(RR) (Cycles/min)]])^2)+((0.098*0.5*Tableau13[[#This Row],[Vt adapté(L)]]*Tableau13[[#This Row],[RR adapté (Cycles/min)]]*Tableau13[[#This Row],[u(dP) (cmH2O)]])^2))) -> 0.34371376 | W18: =MAX(OFFSET('INTERVENTION ARM'!$X$1, MATCH($A18, 'INTERVENTION ARM'!$A:$A, 0) - 7, 0, 8)) -> 0.75 | AB18: 18
A19: 18 | B19: =IFERROR(_xlfn.XLOOKUP($A19, 'INTERVENTION ARM'!$A:$A, 'INTERVENTION ARM'!B:B), "") -> F | C19: =IFERROR(_xlfn.XLOOKUP($A19, 'INTERVENTION ARM'!$A:$A, 'INTERVENTION ARM'!C:C), "") -> 78 | D19: =IFERROR(_xlfn.XLOOKUP($A19, 'INTERVENTION ARM'!$A:$A, 'INTERVENTION ARM'!D:D), "") -> 156 | E19: =IFERROR(_xlfn.XLOOKUP($A19, 'INTERVENTION ARM'!$A:$A, 'INTERVENTION ARM'!E:E), "") -> 78 | F19: =IFERROR(_xlfn.XLOOKUP($A19, 'INTERVENTION ARM'!$A:$A, 'INTERVENTION ARM'!F:F), "") -> 48.776 | G19: =IFERROR(_xlfn.XLOOKUP($A19, 'INTERVENTION ARM'!$A:$A, 'INTERVENTION ARM'!H:H), "") -> 32.051282 | H19: {=_xlfn.XLOOKUP(P19, OFFSET('INTERVENTION ARM'!$U$1, MATCH($A19, 'INTERVENTION ARM'!$A:$A, 0) - 7, 0, 6), OFFSET('INTERVENTION ARM'!$Q$1, MATCH($A19, 'INTERVENTION ARM'!$A:$A, 0) - 7, 0, 6), "Non trouvé", 0, -1)} -> 5 | I19: {=_xlfn.XLOOKUP(P19, OFFSET('INTERVENTION ARM'!$U$1, MATCH($A19, 'INTERVENTION ARM'!$A:$A, 0) - 7, 0, 6), OFFSET('INTERVENTION ARM'!$T$1, MATCH($A19, 'INTERVENTION ARM'!$A:$A, 0) - 7, 0, 6), "Non trouvé", 0, -1)} -> 16 | J19: {=_xlfn.XLOOKUP(P19, OFFSET('INTERVENTION ARM'!$U$1, MATCH($A19, 'INTERVENTION ARM'!$A:$A, 0) - 7, 0, 6), OFFSET('INTERVENTION ARM'!$R$1, MATCH($A19, 'INTERVENTION ARM'!$A:$A, 0) - 7, 0, 6), "Non trouvé", 0, -1)} -> 11 | K19: =ROUNDUP(SQRT((Tableau13[[#This Row],[Pplat (cmH2O)]]*0.04)^2+(Tableau13[[#This Row],[PEEP adaptée (cmH2O)]]*0.04)^2),1) -> 0.7 | L19: =MAX(OFFSET('INTERVENTION ARM'!$J$1, MATCH($A19, 'INTERVENTION ARM'!$A:$A, 0) - 7, 0, 6)) -> 0.341432 | M19: =Tableau13[[#This Row],[Vt adapté(L)]]*0.08 -> 0.02731456 | N19: =MAX(OFFSET('INTERVENTION ARM'!$M$1, MATCH($A19, 'INTERVENTION ARM'!$A:$A, 0) - 7, 0, 6)) -> 15 | O19: =Tableau13[[#This Row],[RR adapté (Cycles/min)]]*0.1 -> 1.5 | P19: =IFERROR(MIN(OFFSET('INTERVENTION ARM'!$U$1, MATCH($A19, 'INTERVENTION ARM'!$A:$A, 0) - 7, 0, 6)), "") -> 2.7604777 | Q19: =IFERROR(MIN(OFFSET('INTERVENTION ARM'!$U$1, MATCH($A19, 'INTERVENTION ARM'!$A:$A, 0) + 0, 0, 6)), "") -> 3.0974711 | R19: =IFERROR(MAX(OFFSET('INTERVENTION ARM'!$Z$1, MATCH($A19, 'INTERVENTION ARM'!$A:$A, 0) - 5, 0, 7)), "") -> 0.51639778 | S19: =Tableau13[[#This Row],[u(dP) (cmH2O)]]/(SQRT(6-1)) -> 0.31304952 | T19: =IFERROR(MAX(OFFSET('INTERVENTION ARM'!$Z$1, MATCH($A19, 'INTERVENTION ARM'!$A:$A, 0) + 2, 0, 7)), "") -> 0.54772256 | U19: =IFERROR(_xlfn.XLOOKUP($A19, 'INTERVENTION ARM'!$A:$A, 'INTERVENTION ARM'!AA:AA), "") -> oui | V19: =SQRT((((0.098*0.5*Tableau13[[#This Row],[RR adapté (Cycles/min)]]*Tableau13[[#This Row],[dp associée (cmH2O)]]*Tableau13[[#This Row],[u(Vt) (L)]])^2)+((0.098*0.5*Tableau13[[#This Row],[Vt adapté(L)]]*Tableau13[[#This Row],[dp associée (cmH2O)]]*Tableau13[[#This Row],[u(RR) (Cycles/min)]])^2)+((0.098*0.5*Tableau13[[#This Row],[Vt adapté(L)]]*Tableau13[[#This Row],[RR adapté (Cycles/min)]]*Tableau13[[#This Row],[u(dP) (cmH2O)]])^2))) -> 0.39475398 | W19: =MAX(OFFSET('INTERVENTION ARM'!$X$1, MATCH($A19, 'INTERVENTION ARM'!$A:$A, 0) - 7, 0, 8)) -> 0.54166667 | AB19: 13
... A21: 20 | B21: =IFERROR(_xlfn.XLOOKUP($A21, 'INTERVENTION ARM'!$A:$A, 'INTERVENTION ARM'!B:B), "") -> F | C21: =IFERROR(_xlfn.XLOOKUP($A21, 'INTERVENTION ARM'!$A:$A, 'INTERVENTION ARM'!C:C), "") -> 60 | D21: =IFERROR(_xlfn.XLOOKUP($A21, 'INTERVENTION ARM'!$A:$A, 'INTERVENTION ARM'!D:D), "") -> 159 | E21: =IFERROR(_xlfn.XLOOKUP($A21, 'INTERVENTION ARM'!$A:$A, 'INTERVENTION ARM'!E:E), "") -> 35 | F21: =IFERROR(_xlfn.XLOOKUP($A21, 'INTERVENTION ARM'!$A:$A, 'INTERVENTION ARM'!F:F), "") -> 51.506 | G21: =IFERROR(_xlfn.XLOOKUP($A21, 'INTERVENTION ARM'!$A:$A, 'INTERVENTION ARM'!H:H), "") -> 13.844389 | H21: {=_xlfn.XLOOKUP(P21, OFFSET('INTERVENTION ARM'!$U$1, MATCH($A21, 'INTERVENTION ARM'!$A:$A, 0) - 7, 0, 6), OFFSET('INTERVENTION ARM'!$Q$1, MATCH($A21, 'INTERVENTION ARM'!$A:$A, 0) - 7, 0, 6), "Non trouvé", 0, -1)} -> 5 | I21: {=_xlfn.XLOOKUP(P21, OFFSET('INTERVENTION ARM'!$U$1, MATCH($A21, 'INTERVENTION ARM'!$A:$A, 0) - 7, 0, 6), OFFSET('INTERVENTION ARM'!$T$1, MATCH($A21, 'INTERVENTION ARM'!$A:$A, 0) - 7, 0, 6), "Non trouvé", 0, -1)} -> 14 | J21: {=_xlfn.XLOOKUP(P21, OFFSET('INTERVENTION ARM'!$U$1, MATCH($A21, 'INTERVENTION ARM'!$A:$A, 0) - 7, 0, 6), OFFSET('INTERVENTION ARM'!$R$1, MATCH($A21, 'INTERVENTION ARM'!$A:$A, 0) - 7, 0, 6), "Non trouvé", 0, -1)} -> 9 | K21: =ROUNDUP(SQRT((Tableau13[[#This Row],[Pplat (cmH2O)]]*0.04)^2+(Tableau13[[#This Row],[PEEP adaptée (cmH2O)]]*0.04)^2),1) -> 0.6 | L21: =MAX(OFFSET('INTERVENTION ARM'!$J$1, MATCH($A21, 'INTERVENTION ARM'!$A:$A, 0) - 7, 0, 6)) -> 0.360542 | M21: =Tableau13[[#This Row],[Vt adapté(L)]]*0.08 -> 0.02884336 | N21: =MAX(OFFSET('INTERVENTION ARM'!$M$1, MATCH($A21, 'INTERVENTION ARM'!$A:$A, 0) - 7, 0, 6)) -> 12 | O21: =Tableau13[[#This Row],[RR adapté (Cycles/min)]]*0.1 -> 1.2 | P21: =IFERROR(MIN(OFFSET('INTERVENTION ARM'!$U$1, MATCH($A21, 'INTERVENTION ARM'!$A:$A, 0) - 7, 0, 6)), "") -> 1.9079883 | Q21: =IFERROR(MIN(OFFSET('INTERVENTION ARM'!$U$1, MATCH($A21, 'INTERVENTION ARM'!$A:$A, 0) + 0, 0, 6)), "") -> 3.01 | R21: =IFERROR(MAX(OFFSET('INTERVENTION ARM'!$Z$1, MATCH($A21, 'INTERVENTION ARM'!$A:$A, 0) - 5, 0, 7)), "") -> 1.9663842 | S21: =Tableau13[[#This Row],[u(dP) (cmH2O)]]/(SQRT(6-1)) -> 0.26832816 | T21: =IFERROR(MAX(OFFSET('INTERVENTION ARM'!$Z$1, MATCH($A21, 'INTERVENTION ARM'!$A:$A, 0) + 2, 0, 7)), "") -> 3.7416574 | U21: =IFERROR(_xlfn.XLOOKUP($A21, 'INTERVENTION ARM'!$A:$A, 'INTERVENTION ARM'!AA:AA), "") -> Oui | V21: =SQRT((((0.098*0.5*Tableau13[[#This Row],[RR adapté (Cycles/min)]]*Tableau13[[#This Row],[dp associée (cmH2O)]]*Tableau13[[#This Row],[u(Vt) (L)]])^2)+((0.098*0.5*Tableau13[[#This Row],[Vt adapté(L)]]*Tableau13[[#This Row],[dp associée (cmH2O)]]*Tableau13[[#This Row],[u(RR) (Cycles/min)]])^2)+((0.098*0.5*Tableau13[[#This Row],[Vt adapté(L)]]*Tableau13[[#This Row],[RR adapté (Cycles/min)]]*Tableau13[[#This Row],[u(dP) (cmH2O)]])^2))) -> 0.27546781 | W21: =MAX(OFFSET('INTERVENTION ARM'!$X$1, MATCH($A21, 'INTERVENTION ARM'!$A:$A, 0) - 7, 0, 8)) -> 0.41666667 | AB21: 10
